"Title","image","Body","Parent"
"Suburra ","http://flickwiz.xululabs.us/sites/default/files/MV5BMTgyNDA1MTkyM15BMl5BanBnXkFtZTgwMDE0MTg5NjE%40._V1_SX640_SY720_.jpg","A gangster known as ""S","Movies"
"A Walk in the Woods","http://flickwiz.xululabs.us/sites/default/files/MV5BMTU2MTkwMzM0NF5BMl5BanBnXkFtZTgwMjA0NDA4NTE%40._V1_SX640_SY720_.jpg","After spending two dec","Movies"
"A Walk in the Woods","http://flickwiz.xululabs.us/sites/default/files/MV5BMzQ0MDUyNTYzMF5BMl5BanBnXkFtZTgwNzg2Nzg0NzE%40._V1_SX640_SY720_.jpg","After spending two dec","Movies"
"Dark Places","http://flickwiz.xululabs.us/sites/default/files/MV5BMTY1NTM4ODYzM15BMl5BanBnXkFtZTgwNTY2NDIwNjE%40._V1_SX640_SY720_.jpg","Libby Day was only eig","Movies"
"Man Up","http://flickwiz.xululabs.us/sites/default/files/MV5BMTUzODcxNDcxMl5BMl5BanBnXkFtZTgwODE1NjM4NTE%40._V1_SX640_SY720_.jpg","A single woman takes t","Movies"
"Extraction","http://flickwiz.xululabs.us/sites/default/files/MV5BMTAzNjU4MzYwNDdeQTJeQWpwZ15BbWU4MDg3NTEzMjcx._V1_SX640_SY720_.jpg","A former CIA operative","Movies"
"My All American","http://flickwiz.xululabs.us/sites/default/files/MV5BMTU3ODA0MjI0Ml5BMl5BanBnXkFtZTgwNTUwNDQxNjE%40._V1_SX640_SY720_.jpg","Freddie Steinmark, an ","Movies"
"Freeheld","http://flickwiz.xululabs.us/sites/default/files/MV5BMzM5NTg3NjU1MV5BMl5BanBnXkFtZTgwNzAwMjA3NjE%40._V1_SX640_SY720_.jpg","New Jersey police lieu","Movies"
"Freeheld","http://flickwiz.xululabs.us/sites/default/files/MV5BMTYyNDg5OTI1OF5BMl5BanBnXkFtZTgwMzQ4MDUzNjE%40._V1_SX640_SY720_.jpg","New Jersey police lieu","Movies"
"Freeheld","http://flickwiz.xululabs.us/sites/default/files/MV5BMjIyODM5MjE0MV5BMl5BanBnXkFtZTgwODAwMjA3NjE%40._V1_SX640_SY720_.jpg","New Jersey police lieu","Movies"
"War Room","http://flickwiz.xululabs.us/sites/default/files/MV5BMTYyNTUxMjQwNF5BMl5BanBnXkFtZTgwNDY5MDIwNTE%40._V1_SX640_SY720_.jpg","A seemingly perfect fa","Movies"
"Mortdecai","http://flickwiz.xululabs.us/sites/default/files/MV5BMjM3NDcxOTM5Ml5BMl5BanBnXkFtZTgwNTEwNzE0MzE%40._V1_SX640_SY720_.jpg","Juggling angry Russian","Movies"
"Mortdecai","http://flickwiz.xululabs.us/sites/default/files/MV5BMTEyNzQ5NzAyNzFeQTJeQWpwZ15BbWU4MDY1MzQ1ODIx._V1_SX640_SY720_.jpg","Juggling angry Russian","Movies"
"Mortdecai","http://flickwiz.xululabs.us/sites/default/files/MV5BMTcwNDY4NTE4MV5BMl5BanBnXkFtZTgwOTMwNTQ0MjE%40._V1_SX640_SY720_.jpg","Juggling angry Russian","Movies"
"Child 44","http://flickwiz.xululabs.us/sites/default/files/MV5BMTk1NTkxOTc5Nl5BMl5BanBnXkFtZTgwODI0NTg0NDE%40._V1_SX640_SY720_.jpg","A disgraced member of ","Movies"
"Child 44","http://flickwiz.xululabs.us/sites/default/files/MV5BMjAxNTgyNzE5OV5BMl5BanBnXkFtZTgwMDUyMTk5NDE%40._V1_SX640_SY720_.jpg","A disgraced member of ","Movies"
"We Are Your Friends","http://flickwiz.xululabs.us/sites/default/files/MV5BMjE2NjIxODUxNF5BMl5BanBnXkFtZTgwMjI1MzM1NjE%40._V1_SX640_SY720_.jpg","Caught between a forbi","Movies"
"We Are Your Friends","http://flickwiz.xululabs.us/sites/default/files/MV5BMTAwMzU1OTE4MzdeQTJeQWpwZ15BbWU4MDIyMDQ1MTYx._V1_SX640_SY720_.jpg","Caught between a forbi","Movies"
"Run All Night","http://flickwiz.xululabs.us/sites/default/files/MV5BMTU2ODI3ODEyOV5BMl5BanBnXkFtZTgwMTM3NTQzNDE%40._V1_SX640_SY720_.jpg","Mobster and hit man Ji","Movies"
"Run All Night","http://flickwiz.xululabs.us/sites/default/files/MV5BMTY0NjYxMjU0M15BMl5BanBnXkFtZTgwOTQxMTI0NDE%40._V1_SX640_SY720_.jpg","Mobster and hit man Ji","Movies"
"Run All Night","http://flickwiz.xululabs.us/sites/default/files/MV5BMjAzMDUzMjQ0NF5BMl5BanBnXkFtZTgwMzEyMzY5MzE%40._V1_SX640_SY720_.jpg","Mobster and hit man Ji","Movies"
"Intruders","http://flickwiz.xululabs.us/sites/default/files/MV5BMTY5MzE0MjUwNV5BMl5BanBnXkFtZTgwNjQxNzM2NzE%40._V1_SX640_SY720_.jpg","Anna suffers from agor","Movies"
"Son of Saul","http://flickwiz.xululabs.us/sites/default/files/MV5BMTUxNjk0NTczMV5BMl5BanBnXkFtZTgwNzIzMTEzNzE%40._V1_SX640_SY720_.jpg","In the horror of 1944 ","Movies"
"Woodlawn","http://flickwiz.xululabs.us/sites/default/files/MV5BMTA0ODM5MTM5MTleQTJeQWpwZ15BbWU4MDAwNzk1NDYx._V1_SX640_SY720_.jpg","A gifted high school f","Movies"
"American Ultra","http://flickwiz.xululabs.us/sites/default/files/MV5BMTcwMTM1NDU1Ml5BMl5BanBnXkFtZTgwNDk5MTgzNjE%40._V1_SX640_SY720_.jpg","A stoner - who is in f","Movies"
"American Ultra","http://flickwiz.xululabs.us/sites/default/files/MV5BMzI3MDUxMTQxOV5BMl5BanBnXkFtZTgwNjM4MzAyNjE%40._V1_SX640_SY720_.jpg","A stoner - who is in f","Movies"
"American Ultra","http://flickwiz.xululabs.us/sites/default/files/MV5BMjYwMDA0MDc1MV5BMl5BanBnXkFtZTgwNDgxNDQ3NTE%40._V1_SX640_SY720_.jpg","A stoner - who is in f","Movies"
"Samurai Cop 2: Deadly Vengeance","http://flickwiz.xululabs.us/sites/default/files/MV5BMjE4NzM4MzY3OV5BMl5BanBnXkFtZTgwODYyMjM3NjE%40._V1_SX640_SY720_.jpg","It's 25 years later, a","Movies"
"Samurai Cop 2: Deadly Vengeance","http://flickwiz.xululabs.us/sites/default/files/MV5BMTkwMjM1NzQyN15BMl5BanBnXkFtZTgwOTk0OTU2MjE%40._V1_SX640_SY720_.jpg","It's 25 years later, a","Movies"
"Aloha ","http://flickwiz.xululabs.us/sites/default/files/MV5BMTg4Mjc0NTE1NV5BMl5BanBnXkFtZTgwNzcwNTQ3NTE%40._V1_SX640_SY720_.jpg","A celebrated military ","Movies"
"Aloha ","http://flickwiz.xululabs.us/sites/default/files/MV5BMTQzMzExMDI0NF5BMl5BanBnXkFtZTgwMDc3NTQ1NTE%40._V1_SX640_SY720_.jpg","A celebrated military ","Movies"
"Rock the Kasbah","http://flickwiz.xululabs.us/sites/default/files/MV5BMTcyOTIyMTE1Nl5BMl5BanBnXkFtZTgwNzk2OTU5NTE%40._V1_SX640_SY720_.jpg","A down-on-his-luck mus","Movies"
"Krampus","http://flickwiz.xululabs.us/sites/default/files/MV5BMjk0MjMzMTI3NV5BMl5BanBnXkFtZTgwODEyODkxNzE%40._V1_SX640_SY720_.jpg","A boy who has a bad Ch","Movies"
"Krampus","http://flickwiz.xululabs.us/sites/default/files/MV5BNTc4ODM2MTU2NF5BMl5BanBnXkFtZTgwNTEzNTMyNjE%40._V1_SX640_SY720_.jpg","A boy who has a bad Ch","Movies"
"The Overnight","http://flickwiz.xululabs.us/sites/default/files/MV5BMTQ0MjQ3MTY3OF5BMl5BanBnXkFtZTgwMjg2MjQ5NTE%40._V1_SX640_SY720_.jpg","Alex, Emily, and their","Movies"
"The Overnight","http://flickwiz.xululabs.us/sites/default/files/MV5BMTAzNzM4MDk2NjNeQTJeQWpwZ15BbWU4MDc2NTAzNDUx._V1_SX640_SY720_.jpg","Alex, Emily, and their","Movies"
"4th Man Out","http://flickwiz.xululabs.us/sites/default/files/MV5BMTg2Nzk3MDI5Nl5BMl5BanBnXkFtZTgwMzM3MjQ1NzE%40._V1_SX640_SY720_.jpg","A car mechanic in a sm","Movies"
"Sleeping with Other People","http://flickwiz.xululabs.us/sites/default/files/MV5BMTUyMzQwNjEyNV5BMl5BanBnXkFtZTgwMzYwMzgwNjE%40._V1_SX640_SY720_.jpg","A good-natured womaniz","Movies"
"The Little Prince","http://flickwiz.xululabs.us/sites/default/files/MV5BNDE5NTg5NTA3NF5BMl5BanBnXkFtZTgwNTQ2ODU3NzE%40._V1_SX640_SY720_.jpg","A little girl lives in","Movies"
"The Little Prince","http://flickwiz.xululabs.us/sites/default/files/MV5BNjg0OTM5OTQyNV5BMl5BanBnXkFtZTgwNDg5NDQ0NTE%40._V1_SX640_SY720_.jpg","A little girl lives in","Movies"
"The Wave","http://flickwiz.xululabs.us/sites/default/files/MV5BMTg5Mjg0MjgxMl5BMl5BanBnXkFtZTgwNjUzNDg0NzE%40._V1_SX640_SY720_.jpg","Even though awaited, n","Movies"
"The Wave","http://flickwiz.xululabs.us/sites/default/files/MV5BNGE0NTcwMDktNGU2OC00ZDRlLTg5YzgtN2ZmY2M4NTI4NDFhXkEyXkFqcGdeQXVyMzE4MTU5MjI%40._V1_SX640_SY720_.jpg","Even though awaited, n","Movies"
"The Transporter Refueled","http://flickwiz.xululabs.us/sites/default/files/MV5BMjAyMDE2ODU3Ml5BMl5BanBnXkFtZTgwODU0MTA0NjE%40._V1_SX640_SY720_.jpg","In the south of France","Movies"
"The Transporter Refueled","http://flickwiz.xululabs.us/sites/default/files/MV5BOTQ5MTU0MDg3N15BMl5BanBnXkFtZTgwMTEwNjA0NzE%40._V1_SX640_SY720_.jpg","In the south of France","Movies"
"The Transporter Refueled","http://flickwiz.xululabs.us/sites/default/files/MV5BMjAzMTg2Nzk0Ml5BMl5BanBnXkFtZTgwMDU3NzI5NDE%40._V1_SX640_SY720_.jpg","In the south of France","Movies"
"By the Sea","http://flickwiz.xululabs.us/sites/default/files/MV5BMTUyNDU2MDMxM15BMl5BanBnXkFtZTgwMzAzMTk1NjE%40._V1_SX640_SY720_.jpg","Set in France during t","Movies"
"By the Sea","http://flickwiz.xululabs.us/sites/default/files/MV5BNzg4MDM3MjQwNl5BMl5BanBnXkFtZTgwMzUxOTc0NjE%40._V1_SX640_SY720_.jpg","Set in France during t","Movies"
"Chappie","http://flickwiz.xululabs.us/sites/default/files/MV5BMTUyNTI4NTIwNl5BMl5BanBnXkFtZTgwMjQ4MTI0NDE%40._V1_SX640_SY720_.jpg","In the near future, cr","Movies"
"Chappie","http://flickwiz.xululabs.us/sites/default/files/MV5BMTU1NjkxODQzOF5BMl5BanBnXkFtZTgwMDExNjgxMzE%40._V1_SX640_SY720_.jpg","In the near future, cr","Movies"
"The Peanuts Movie","http://flickwiz.xululabs.us/sites/default/files/MV5BNTE5NzMxNzkwNl5BMl5BanBnXkFtZTgwOTQ0Nzk5NzE%40._V1_SX640_SY720_.jpg","Snoopy embarks upon hi","Movies"
"The Peanuts Movie","http://flickwiz.xululabs.us/sites/default/files/MV5BMTkxMDYzOTgxN15BMl5BanBnXkFtZTgwMjA1MTA3NDE%40._V1_SX640_SY720_.jpg","Snoopy embarks upon hi","Movies"
"The Peanuts Movie","http://flickwiz.xululabs.us/sites/default/files/MV5BNTgwNDE3MDg5OV5BMl5BanBnXkFtZTgwNzA1MTA3NDE%40._V1_SX640_SY720_.jpg","Snoopy embarks upon hi","Movies"
"Sinister 2","http://flickwiz.xululabs.us/sites/default/files/MV5BMjQ2NTM5NzU3MF5BMl5BanBnXkFtZTgwMDAwMTQyNTE%40._V1_SX640_SY720_.jpg","A young mother and her","Movies"
"Sinister 2","http://flickwiz.xululabs.us/sites/default/files/MV5BMzhiNTQ5ZmItYTRjNS00YjEwLWI5ZWItY2Y5YTViMTYzOTk2XkEyXkFqcGdeQXVyNTIzOTk5ODM%40._V1_SX640_SY720_.jpg","A young mother and her","Movies"
"Miss You Already","http://flickwiz.xululabs.us/sites/default/files/MV5BMjQzNDE1OTM5M15BMl5BanBnXkFtZTgwMTQwMTAwNzE%40._V1_SX640_SY720_.jpg","The friendship between","Movies"
"Mustang","http://flickwiz.xululabs.us/sites/default/files/MV5BMTkwODUzODA0OV5BMl5BanBnXkFtZTgwMTA3ODkxNzE%40._V1_SX640_SY720_.jpg","When five orphan girls","Movies"
"Mustang","http://flickwiz.xululabs.us/sites/default/files/MV5BMzE5OTI5YzEtZDdmMi00ZjVhLWE2OTctNDc2OGM2NDRjMDAxXkEyXkFqcGdeQXVyNjUxMzg2Mzk%40._V1_SX640_SY720_.jpg","When five orphan girls","Movies"
"Me and Earl and the Dying Girl","http://flickwiz.xululabs.us/sites/default/files/MV5BNTA1NzUzNjY4MV5BMl5BanBnXkFtZTgwNDU0MDI0NTE%40._V1_SX640_SY720_.jpg","High schooler Greg, wh","Movies"
"Me and Earl and the Dying Girl","http://flickwiz.xululabs.us/sites/default/files/MV5BMjE0MzUwODk0NV5BMl5BanBnXkFtZTgwODUwMzg4NTE%40._V1_SX640_SY720_.jpg","High schooler Greg, wh","Movies"
"Return to Sender","http://flickwiz.xululabs.us/sites/default/files/MV5BMTkzMDU0MzYxM15BMl5BanBnXkFtZTgwNjAwNDUxNjE%40._V1_SX640_SY720_.jpg","A nurse living in smal","Movies"
"Return to Sender","http://flickwiz.xululabs.us/sites/default/files/MV5BMTk2NjUzMTI2Ml5BMl5BanBnXkFtZTgwMjg3Nzc3NTE%40._V1_SX640_SY720_.jpg","A nurse living in smal","Movies"
"Pixels","http://flickwiz.xululabs.us/sites/default/files/MV5BMTYxMzM4NDY5N15BMl5BanBnXkFtZTgwNzg1NTI3MzE%40._V1_SX640_SY720_.jpg","When aliens misinterpr","Movies"
"Pixels","http://flickwiz.xululabs.us/sites/default/files/MV5BMTU4Njg5MTU5NV5BMl5BanBnXkFtZTgwOTg1NTI3MzE%40._V1_SX640_SY720_.jpg","When aliens misinterpr","Movies"
"Pixels","http://flickwiz.xululabs.us/sites/default/files/MV5BMTY2MDk4ODQyNF5BMl5BanBnXkFtZTgwODU1NjMzMjE%40._V1_SX640_SY720_.jpg","When aliens misinterpr","Movies"
"The Diary of a Teenage Girl","http://flickwiz.xululabs.us/sites/default/files/MV5BMjE4MTQ3NTgwOF5BMl5BanBnXkFtZTgwMDQ3NTc5NTE%40._V1_SX640_SY720_.jpg","A teen artist living i","Movies"
"The Diary of a Teenage Girl","http://flickwiz.xululabs.us/sites/default/files/MV5BMjI0MTg5MzY3NV5BMl5BanBnXkFtZTgwMzA2MDQ2NjE%40._V1_SX640_SY720_.jpg","A teen artist living i","Movies"
"Paper Towns","http://flickwiz.xululabs.us/sites/default/files/MV5BMjE2ODQxODMwOF5BMl5BanBnXkFtZTgwNDY5NjY3NDE%40._V1_SX640_SY720_.jpg","After an all night adv","Movies"
"Paper Towns","http://flickwiz.xululabs.us/sites/default/files/MV5BMjQxMzg1Nzc5OF5BMl5BanBnXkFtZTgwMzg0ODQ2NjE%40._V1_SX640_SY720_.jpg","After an all night adv","Movies"
"The Program","http://flickwiz.xululabs.us/sites/default/files/MV5BNDMzMzY3NTIyM15BMl5BanBnXkFtZTgwMjAwNTY1NjE%40._V1_SX640_SY720_.jpg","An Irish sports journa","Movies"
"The Program","http://flickwiz.xululabs.us/sites/default/files/MV5BMzI0NTE3MzU0Nl5BMl5BanBnXkFtZTgwMjc4NzU2NjE%40._V1_SX640_SY720_.jpg","An Irish sports journa","Movies"
"The Program","http://flickwiz.xululabs.us/sites/default/files/MV5BMjIzNTc0OTQ5N15BMl5BanBnXkFtZTgwNjk2OTU5NTE%40._V1_SX640_SY720_.jpg","An Irish sports journa","Movies"
"Heist","http://flickwiz.xululabs.us/sites/default/files/MV5BMjEzNTkyMDE3NV5BMl5BanBnXkFtZTgwMTM2MDY4NjE%40._V1_SX640_SY720_.jpg","A father is without th","Movies"
"Mr. Right","http://flickwiz.xululabs.us/sites/default/files/MV5BOTcxNjUyOTMwOV5BMl5BanBnXkFtZTgwMzUxMDk4NzE%40._V1_SX640_SY720_.jpg","A girl falls for the ""","Movies"
"Turbo Kid","http://flickwiz.xululabs.us/sites/default/files/MV5BMTY1NjkwNDQ0NF5BMl5BanBnXkFtZTgwMTkyOTE2NjE%40._V1_SX640_SY720_.jpg","In a post-apocalyptic ","Movies"
"Minions","http://flickwiz.xululabs.us/sites/default/files/MV5BMTg2MTMyMzU0M15BMl5BanBnXkFtZTgwOTU3ODk4NTE%40._V1_SX640_SY720_.jpg","Minions Stuart, Kevin ","Movies"
"Minions","http://flickwiz.xululabs.us/sites/default/files/MV5BNDg2NTgwNzczMF5BMl5BanBnXkFtZTgwMDg5NTA0NzE%40._V1_SX640_SY720_.jpg","Minions Stuart, Kevin ","Movies"
"Minions","http://flickwiz.xululabs.us/sites/default/files/MV5BODI4NzMyNjE0MF5BMl5BanBnXkFtZTgwMTcwNzI0MzE%40._V1_SX640_SY720_.jpg","Minions Stuart, Kevin ","Movies"
"Self/less","http://flickwiz.xululabs.us/sites/default/files/MV5BMTU0MTQzNzAxMl5BMl5BanBnXkFtZTgwNjg4MjcxNjE%40._V1_SX640_SY720_.jpg","A dying real estate mo","Movies"
"Self/less","http://flickwiz.xululabs.us/sites/default/files/MV5BMjI3MzYxMzcxMV5BMl5BanBnXkFtZTgwMjEwNDUxNjE%40._V1_SX640_SY720_.jpg","A dying real estate mo","Movies"
"Self/less","http://flickwiz.xululabs.us/sites/default/files/MV5BNTA0MTgxNzEwMV5BMl5BanBnXkFtZTgwODA5ODg2NDE%40._V1_SX640_SY720_.jpg","A dying real estate mo","Movies"
"Irrational Man","http://flickwiz.xululabs.us/sites/default/files/MV5BMjE2NTM0Mzk5Ml5BMl5BanBnXkFtZTgwMzQ3Njc3NTE%40._V1_SX640_SY720_.jpg","A tormented philosophy","Movies"
"Hyena Road","http://flickwiz.xululabs.us/sites/default/files/MV5BMjEwMjA5Mzg2M15BMl5BanBnXkFtZTgwNjA3MzA5NzE%40._V1_SX640_SY720_.jpg","Three different men, t","Movies"
"Hyena Road","http://flickwiz.xululabs.us/sites/default/files/MV5BMzYzNTE3NjI0NV5BMl5BanBnXkFtZTgwNTMyMzIzNjE%40._V1_SX640_SY720_.jpg","Three different men, t","Movies"
"The Challenger","http://flickwiz.xululabs.us/sites/default/files/MV5BMTQ0NjAwNzYwNl5BMl5BanBnXkFtZTgwMDc0MTc2NjE%40._V1_SX640_SY720_.jpg","A Bronx boxer fights h","Movies"
"The Challenger","http://flickwiz.xululabs.us/sites/default/files/MV5BNzYzMzAyNTg0N15BMl5BanBnXkFtZTgwOTczMzIzNjE%40._V1_SX640_SY720_.jpg","A Bronx boxer fights h","Movies"
"Get Hard","http://flickwiz.xululabs.us/sites/default/files/MV5BMTc3OTc1NjM0M15BMl5BanBnXkFtZTgwNjAyMzE1MzE%40._V1_SX640_SY720_.jpg","When millionaire James","Movies"
"The Age of Adaline","http://flickwiz.xululabs.us/sites/default/files/MV5BMTAzMTQzMTA2MjheQTJeQWpwZ15BbWU4MDk2MTg2MzUx._V1_SX640_SY720_.jpg","A young woman, born at","Movies"
"Magic Mike XXL","http://flickwiz.xululabs.us/sites/default/files/MV5BNDMyODU3ODk3Ml5BMl5BanBnXkFtZTgwNDc1ODkwNjE%40._V1_SX640_SY720_.jpg","Three years after Mike","Movies"
"Magic Mike XXL","http://flickwiz.xululabs.us/sites/default/files/MV5BMTYyNDEzMzI4OF5BMl5BanBnXkFtZTgwNTU4NDQ0NTE%40._V1_SX640_SY720_.jpg","Three years after Mike","Movies"
"Magic Mike XXL","http://flickwiz.xululabs.us/sites/default/files/MV5BMjI2MDMyMzM4MV5BMl5BanBnXkFtZTgwNDQ5MzIzNDE%40._V1_SX640_SY720_.jpg","Three years after Mike","Movies"
"Jupiter Ascending","http://flickwiz.xululabs.us/sites/default/files/MV5BMTQyNzk2MjA2NF5BMl5BanBnXkFtZTgwMjEwNzk3MjE%40._V1_SX640_SY720_.jpg","A young woman discover","Movies"
"Jupiter Ascending","http://flickwiz.xululabs.us/sites/default/files/MV5BMTYyNTEwMTI1N15BMl5BanBnXkFtZTgwNDQ0NTY2MzE%40._V1_SX640_SY720_.jpg","A young woman discover","Movies"
"Jupiter Ascending","http://flickwiz.xululabs.us/sites/default/files/MV5BMTk0MDUzNDQ2MV5BMl5BanBnXkFtZTgwMTQ0NTY2MzE%40._V1_SX640_SY720_.jpg","A young woman discover","Movies"
"High-Rise","http://flickwiz.xululabs.us/sites/default/files/MV5BMjMwMTA3MjQyOV5BMl5BanBnXkFtZTgwMTg2MDc5NzE%40._V1_SX640_SY720_.jpg","Life for the residents","Movies"
"High-Rise","http://flickwiz.xululabs.us/sites/default/files/MV5BOGM1ODgyNjgtZDk3Ny00YjQwLWE1Y2QtMTAzN2ExNzFhZDU2XkEyXkFqcGdeQXVyNjUwNzk3NDc%40._V1_SX640_SY720_.jpg","Life for the residents","Movies"
"Suffragette","http://flickwiz.xululabs.us/sites/default/files/MV5BMjA2NDYxOTI1MV5BMl5BanBnXkFtZTgwOTgyMjU3NjE%40._V1_SX640_SY720_.jpg","The foot soldiers of t","Movies"
"Suffragette","http://flickwiz.xululabs.us/sites/default/files/MV5BMTU0MDAxMjk0Ml5BMl5BanBnXkFtZTgwNzU4Njg4NjE%40._V1_SX640_SY720_.jpg","The foot soldiers of t","Movies"
"Our Brand Is Crisis","http://flickwiz.xululabs.us/sites/default/files/MV5BMTg5MDUwMDQwM15BMl5BanBnXkFtZTgwNTczMjU3NjE%40._V1_SX640_SY720_.jpg","A battle-hardened Amer","Movies"
"Home","http://flickwiz.xululabs.us/sites/default/files/MV5BMTU0MzU4ODI3Ml5BMl5BanBnXkFtZTgwMzQzODk5NDE%40._V1_SX640_SY720_.jpg","An alien on the run fr","Movies"
"Home","http://flickwiz.xululabs.us/sites/default/files/MV5BMTg1NTk3MDQ4Ml5BMl5BanBnXkFtZTgwMDMyMzE1MzE%40._V1_SX640_SY720_.jpg","An alien on the run fr","Movies"
"Home","http://flickwiz.xululabs.us/sites/default/files/MV5BMjExOTQ4MDMyMV5BMl5BanBnXkFtZTgwMTE3NDM2MzE%40._V1_SX640_SY720_.jpg","An alien on the run fr","Movies"
"Colonia","http://flickwiz.xululabs.us/sites/default/files/MV5BNjM0MTI0MzYyNF5BMl5BanBnXkFtZTgwMjk4NjAwODE%40._V1_SX640_SY720_.jpg","A young woman's desper","Movies"
"Colonia","http://flickwiz.xululabs.us/sites/default/files/MV5BODc0MzYwNDMwNl5BMl5BanBnXkFtZTgwODk1MjQ4NzE%40._V1_SX640_SY720_.jpg","A young woman's desper","Movies"
"Grandma","http://flickwiz.xululabs.us/sites/default/files/MV5BMjExMDE2OTIxM15BMl5BanBnXkFtZTgwMDY5NzAyNjE%40._V1_SX640_SY720_.jpg","A teenager facing an u","Movies"
"Demolition","http://flickwiz.xululabs.us/sites/default/files/MV5BMjE2MDIyNjg4Nl5BMl5BanBnXkFtZTgwNjUxNTI5NzE%40._V1_SX640_SY720_.jpg","A successful investmen","Movies"
"Creative Control","http://flickwiz.xululabs.us/sites/default/files/MV5BMTg4NTUzMDkwOV5BMl5BanBnXkFtZTgwMDUyMzA5NzE%40._V1_SX640_SY720_.jpg","In near future Brookly","Movies"
"A War","http://flickwiz.xululabs.us/sites/default/files/MV5BMjA1ODY3NjQzNV5BMl5BanBnXkFtZTgwNjEzNTUxNzE%40._V1_SX640_SY720_.jpg","Company commander Clau","Movies"
"Scouts Guide to the Zombie Apocalypse","http://flickwiz.xululabs.us/sites/default/files/MV5BMTY4NjczNjE4OV5BMl5BanBnXkFtZTgwODk0MjQ5NjE%40._V1_SX640_SY720_.jpg","Three scouts, on the e","Movies"
"Ted 2","http://flickwiz.xululabs.us/sites/default/files/MV5BMjEwMDg3MDk1NF5BMl5BanBnXkFtZTgwNjYyODA1NTE%40._V1_SX640_SY720_.jpg","Newlywed couple Ted an","Movies"
"Fathers and Daughters","http://flickwiz.xululabs.us/sites/default/files/MV5BMTQ5Nzk5ODY0OF5BMl5BanBnXkFtZTgwMzE5NjExNzE%40._V1_SX640_SY720_.jpg","A Pulitzer-winning wri","Movies"
"Terminus","http://flickwiz.xululabs.us/sites/default/files/MV5BMTUyMjA5OTgyOV5BMl5BanBnXkFtZTgwOTkyMjQ5NTE%40._V1_SX640_SY720_.jpg","Following a near-fatal","Movies"
"Focus","http://flickwiz.xululabs.us/sites/default/files/MV5BMTUwODg2OTA4OF5BMl5BanBnXkFtZTgwOTE5MTE4MzE%40._V1_SX640_SY720_.jpg","In the midst of vetera","Movies"
"Focus","http://flickwiz.xululabs.us/sites/default/files/MV5BMTQ0MjAzNTIyNF5BMl5BanBnXkFtZTgwMTgzNzM5MjE%40._V1_SX640_SY720_.jpg","In the midst of vetera","Movies"
"Vacation","http://flickwiz.xululabs.us/sites/default/files/MV5BMTUwNTM0ODMxM15BMl5BanBnXkFtZTgwNjM4Nzk4NTE%40._V1_SX640_SY720_.jpg","Rusty Griswold takes h","Movies"
"Chi-Raq","http://flickwiz.xululabs.us/sites/default/files/MV5BNTMwNzkxMDUxN15BMl5BanBnXkFtZTgwOTM5NjQzNzE%40._V1_SX640_SY720_.jpg","A modern day adaptatio","Movies"
"Chi-Raq","http://flickwiz.xululabs.us/sites/default/files/MV5BMTk4OTQzMzAwOV5BMl5BanBnXkFtZTgwNzgzOTMzNzE%40._V1_SX640_SY720_.jpg","A modern day adaptatio","Movies"
"Beasts of No Nation","http://flickwiz.xululabs.us/sites/default/files/MV5BMTYwMzMzMDI0NF5BMl5BanBnXkFtZTgwNDQ3NjI3NjE%40._V1_SX640_SY720_.jpg","A drama based on the e","Movies"
"Ip Man 3","http://flickwiz.xululabs.us/sites/default/files/MV5BMTkxNzc0MjgwN15BMl5BanBnXkFtZTgwMzY3Nzk1NzE%40._V1_SX640_SY720_.jpg","When a band of brutal ","Movies"
"Ip Man 3","http://flickwiz.xululabs.us/sites/default/files/MV5BMTY1Mzc2MTQ0OF5BMl5BanBnXkFtZTgwMTUxNjQ0NzE%40._V1_SX640_SY720_.jpg","When a band of brutal ","Movies"
"Ip Man 3","http://flickwiz.xululabs.us/sites/default/files/MV5BNTA2MTk3NzI5Ml5BMl5BanBnXkFtZTgwNzU2MzYyNzE%40._V1_SX640_SY720_.jpg","When a band of brutal ","Movies"
"Forsaken","http://flickwiz.xululabs.us/sites/default/files/MV5BMTc1MTkxNzc5OF5BMl5BanBnXkFtZTgwMDczNTQ3NzE%40._V1_SX640_SY720_.jpg","Kiefer and Donald Suth","Movies"
"Miles Ahead","http://flickwiz.xululabs.us/sites/default/files/MV5BZTA5NjNjZjItMzQyNy00YmQ3LTliZjEtYzYwNTEyNTY3ZjA4XkEyXkFqcGdeQXVyMjg1NTAzMjQ%40._V1_SX640_SY720_.jpg","An exploration of the ","Movies"
"True Story","http://flickwiz.xululabs.us/sites/default/files/MV5BMTAzNTc5MTA0NzleQTJeQWpwZ15BbWU4MDU1MDM2NzMx._V1_SX640_SY720_.jpg","When disgraced New Yor","Movies"
"45 Years","http://flickwiz.xululabs.us/sites/default/files/MV5BMTgxMTQ4NzMyN15BMl5BanBnXkFtZTgwODA0MTgyNzE%40._V1_SX640_SY720_.jpg","A married couple prepa","Movies"
"The Gift","http://flickwiz.xululabs.us/sites/default/files/MV5BMTQzMjM2NjM1Nl5BMl5BanBnXkFtZTgwMDM1MjQyNTE%40._V1_SX640_SY720_.jpg","A young married couple","Movies"
"Truth","http://flickwiz.xululabs.us/sites/default/files/MV5BMzkxNjU2MzMzOF5BMl5BanBnXkFtZTgwOTA3Mjg4NjE%40._V1_SX640_SY720_.jpg","Newsroom drama detaili","Movies"
"Green Room","http://flickwiz.xululabs.us/sites/default/files/MV5BMjU1ODQ5NzA0N15BMl5BanBnXkFtZTgwMDg5MTA5NzE%40._V1_SX640_SY720_.jpg","After witnessing a mur","Movies"
"The Longest Ride","http://flickwiz.xululabs.us/sites/default/files/MV5BMzIzMjg0NjQwNF5BMl5BanBnXkFtZTgwODAwOTE4MzE%40._V1_SX640_SY720_.jpg","The lives of a young c","Movies"
"Alvin and the Chipmunks: The Road Chip","http://flickwiz.xululabs.us/sites/default/files/MV5BMTQ1NjQyNTkyOF5BMl5BanBnXkFtZTgwNzA3OTUyNzE%40._V1_SX640_SY720_.jpg","Through a series of mi","Movies"
"A Bigger Splash","http://flickwiz.xululabs.us/sites/default/files/MV5BMTkxNzk3NzMwN15BMl5BanBnXkFtZTgwODc3ODQ4NzE%40._V1_SX640_SY720_.jpg","The vacation of a famo","Movies"
"Insurgent","http://flickwiz.xululabs.us/sites/default/files/MV5BMTgxOTYxMTg3OF5BMl5BanBnXkFtZTgwMDgyMzA2NDE%40._V1_SX640_SY720_.jpg","Beatrice Prior must co","Movies"
"Terminator Genisys","http://flickwiz.xululabs.us/sites/default/files/MV5BMjM1NTc0NzE4OF5BMl5BanBnXkFtZTgwNDkyNjQ1NTE%40._V1_SX640_SY720_.jpg","When John Connor, lead","Movies"
"Hitman: Agent 47","http://flickwiz.xululabs.us/sites/default/files/MV5BMTY3NTQyMDY0Ml5BMl5BanBnXkFtZTgwODkzMjI0NjE%40._V1_SX640_SY720_.jpg","An assassin teams up w","Movies"
"San Andreas","http://flickwiz.xululabs.us/sites/default/files/MV5BNjI4MTgyOTAxOV5BMl5BanBnXkFtZTgwMjQwOTA4NTE%40._V1_SX640_SY720_.jpg","In the aftermath of a ","Movies"
"All Roads Lead to Rome","http://flickwiz.xululabs.us/sites/default/files/MV5BMTYwODU2MjkzNl5BMl5BanBnXkFtZTgwNDQyMTY2NzE%40._V1_SX640_SY720_.jpg","Maggie is an uptight, ","Movies"
"No Escape","http://flickwiz.xululabs.us/sites/default/files/MV5BMjE0MDI3NTE5NF5BMl5BanBnXkFtZTgwNzI3ODM2NjE%40._V1_SX640_SY720_.jpg","In their new overseas ","Movies"
"Fantastic Four","http://flickwiz.xululabs.us/sites/default/files/MV5BMTk0OTMyMDA0OF5BMl5BanBnXkFtZTgwMzY5NTkzNTE%40._V1_SX640_SY720_.jpg","Four young outsiders t","Movies"
"Fantastic Four","http://flickwiz.xululabs.us/sites/default/files/MV5BMTQ4MzY2ODI5Ml5BMl5BanBnXkFtZTgwNDYyNDAwNTE%40._V1_SX640_SY720_.jpg","Four young outsiders t","Movies"
"Fantastic Four","http://flickwiz.xululabs.us/sites/default/files/MV5BMTkzNzY3MjI1OV5BMl5BanBnXkFtZTgwNjc5MTAyNDE%40._V1_SX640_SY720_.jpg","Four young outsiders t","Movies"
"The 33","http://flickwiz.xululabs.us/sites/default/files/MV5BMTkyNDY3NDc5NF5BMl5BanBnXkFtZTgwMzI1NDM1NjE%40._V1_SX640_SY720_.jpg","Based on the real-life","Movies"
"The 33","http://flickwiz.xululabs.us/sites/default/files/MV5BMTQ1NTYxNTEzOV5BMl5BanBnXkFtZTgwMDIwMTA0NjE%40._V1_SX640_SY720_.jpg","Based on the real-life","Movies"
"Knock Knock","http://flickwiz.xululabs.us/sites/default/files/MV5BMTY5NTkyMzM1Nl5BMl5BanBnXkFtZTgwODU3Njc2NjE%40._V1_SX640_SY720_.jpg","When a devoted husband","Movies"
"Knock Knock","http://flickwiz.xululabs.us/sites/default/files/MV5BOWVmNzgzMDctZTFkMS00NWYzLWE5MjktYjZhZDRmOTFkMWY5XkEyXkFqcGdeQXVyMzM4MjM0Nzg%40._V1_SX640_SY720_.jpg","When a devoted husband","Movies"
"Knock Knock","http://flickwiz.xululabs.us/sites/default/files/MV5BZTBmZTQyZDktNWQ0MS00ODliLTgwMmEtOWI5YmRjNDc4ZTRhXkEyXkFqcGdeQXVyMzM4MjM0Nzg%40._V1_SX640_SY720_.jpg","When a devoted husband","Movies"
"Pitch Perfect 2","http://flickwiz.xululabs.us/sites/default/files/MV5BMTk0Mzg4NDYyOF5BMl5BanBnXkFtZTgwOTM2ODg2NTE%40._V1_SX640_SY720_.jpg","After a humiliating co","Movies"
"Pitch Perfect 2","http://flickwiz.xululabs.us/sites/default/files/MV5BMzU3NzY4MTE5Ml5BMl5BanBnXkFtZTgwNTg5ODY0MzE%40._V1_SX640_SY720_.jpg","After a humiliating co","Movies"
"Hotel Transylvania 2","http://flickwiz.xululabs.us/sites/default/files/MV5BMjEzNzc4NzEyMV5BMl5BanBnXkFtZTgwMTAxMDQ2NTE%40._V1_SX640_SY720_.jpg","Dracula and his friend","Movies"
"Hotel Transylvania 2","http://flickwiz.xululabs.us/sites/default/files/MV5BMTY3MTg0MzM3OV5BMl5BanBnXkFtZTgwODM4MzMwNTE%40._V1_SX640_SY720_.jpg","Dracula and his friend","Movies"
"Jeruzalem","http://flickwiz.xululabs.us/sites/default/files/MV5BMTc2MjU2ODY3M15BMl5BanBnXkFtZTgwMTg5OTc3NTE%40._V1_SX640_SY720_.jpg","When a couple of Ameri","Movies"
"Backtrack ","http://flickwiz.xululabs.us/sites/default/files/MV5BMjQzNDY0OTk2MF5BMl5BanBnXkFtZTgwMDU4NTkyNzE%40._V1_SX640_SY720_.jpg","Psychologist Peter Bow","Movies"
"The Ridiculous 6","http://flickwiz.xululabs.us/sites/default/files/MV5BMTY4NzMxMjUwOF5BMl5BanBnXkFtZTgwMDk1ODMxNzE%40._V1_SX640_SY720_.jpg","An outlaw who was rais","Movies"
"Mission: Impossible - Rogue Nation","http://flickwiz.xululabs.us/sites/default/files/MV5BMTQ1NDI2MzU2MF5BMl5BanBnXkFtZTgwNTExNTU5NDE%40._V1_SX640_SY720_.jpg","Ethan and team take on","Movies"
"Mission: Impossible - Rogue Nation","http://flickwiz.xululabs.us/sites/default/files/MV5BMTY1OTQ0MDA4N15BMl5BanBnXkFtZTgwODQzOTg4NTE%40._V1_SX640_SY720_.jpg","Ethan and team take on","Movies"
"Mission: Impossible - Rogue Nation","http://flickwiz.xululabs.us/sites/default/files/MV5BMjA5MjA2MzMwOV5BMl5BanBnXkFtZTgwODM4MzQ0NzE%40._V1_SX640_SY720_.jpg","Ethan and team take on","Movies"
"Knight of Cups","http://flickwiz.xululabs.us/sites/default/files/MV5BMjQyOTcwODIyNF5BMl5BanBnXkFtZTgwMDE4OTI4NzE%40._V1_SX640_SY720_.jpg","Once there was a young","Movies"
"Knight of Cups","http://flickwiz.xululabs.us/sites/default/files/MV5BNDQ2NTM3MTAxNV5BMl5BanBnXkFtZTgwNTY1NjgzNDE%40._V1_SX640_SY720_.jpg","Once there was a young","Movies"
"Knight of Cups","http://flickwiz.xululabs.us/sites/default/files/MV5BYmEwYmNiNDAtMzllNC00MDIxLWE5OWItN2M2ZTEwMTA2ZmQ0XkEyXkFqcGdeQXVyNDk4NzAyNzU%40._V1_SX640_SY720_.jpg","Once there was a young","Movies"
"Spy","http://flickwiz.xululabs.us/sites/default/files/MV5BNjI5OTQ0MDQxM15BMl5BanBnXkFtZTgwMzcwNjMyNTE%40._V1_SX640_SY720_.jpg","A desk-bound CIA analy","Movies"
"Spy","http://flickwiz.xululabs.us/sites/default/files/MV5BMjE3NDYyNDA3M15BMl5BanBnXkFtZTgwNzI4NjkwNTE%40._V1_SX640_SY720_.jpg","A desk-bound CIA analy","Movies"
"Southpaw ","http://flickwiz.xululabs.us/sites/default/files/MV5BMjI1MTcwODk0MV5BMl5BanBnXkFtZTgwMTgwMDM5NTE%40._V1_SX640_SY720_.jpg","Boxer Billy Hope turns","Movies"
"Southpaw ","http://flickwiz.xululabs.us/sites/default/files/MV5BMTUwNzI5MDQ3MV5BMl5BanBnXkFtZTgwOTg5NDQ0NTE%40._V1_SX640_SY720_.jpg","Boxer Billy Hope turns","Movies"
"Entourage","http://flickwiz.xululabs.us/sites/default/files/MV5BMjE2OTkxMzYwOV5BMl5BanBnXkFtZTgwODUwMDQ2NTE%40._V1_SX640_SY720__0.jpg","Movie star Vincent Cha","Movies"
"Freaks of Nature","http://flickwiz.xululabs.us/sites/default/files/MV5BMTk2MTMyMTEzN15BMl5BanBnXkFtZTgwNTE0MDYwNzE%40._V1_SX640_SY720_.jpg","In the town of Dillfor","Movies"
"Freaks of Nature","http://flickwiz.xululabs.us/sites/default/files/MV5BNTEzNDM3Njg5NF5BMl5BanBnXkFtZTgwNTg0MzQxNzE%40._V1_SX640_SY720_.jpg","In the town of Dillfor","Movies"
"Freaks of Nature","http://flickwiz.xululabs.us/sites/default/files/MV5BMTc4MjQyODE1Ml5BMl5BanBnXkFtZTgwNjU2NjAxNzE%40._V1_SX640_SY720_.jpg","In the town of Dillfor","Movies"
"Bone Tomahawk","http://flickwiz.xululabs.us/sites/default/files/1_3.jpg","Four men set out in th","Movies"
"Bone Tomahawk","http://flickwiz.xululabs.us/sites/default/files/MV5BMTczNDU5Mzc4OF5BMl5BanBnXkFtZTgwNjMwMTAwNzE%40._V1_SX640_SY720_.jpg","Four men set out in th","Movies"
"In the Heart of the Sea","http://flickwiz.xululabs.us/sites/default/files/MV5BMjA5NzUwODExM15BMl5BanBnXkFtZTgwNjM0MzE4NjE%40._V1_SX640_SY720_.jpg","A recounting of a New ","Movies"
"In the Heart of the Sea","http://flickwiz.xululabs.us/sites/default/files/MV5BMTUxNjkxOTMyOF5BMl5BanBnXkFtZTgwOTY4NzAwMzE%40._V1_SX640_SY720_.jpg","A recounting of a New ","Movies"
"The Walk","http://flickwiz.xululabs.us/sites/default/files/MV5BNTY4MzA4Mzc5Nl5BMl5BanBnXkFtZTgwNDIzMzk5NjE%40._V1_SX640_SY720_.jpg","In 1974, high-wire art","Movies"
"The Walk","http://flickwiz.xululabs.us/sites/default/files/MV5BMjI3MTUyNjkwOF5BMl5BanBnXkFtZTgwMTI4OTQ2MzE%40._V1_SX640_SY720_.jpg","In 1974, high-wire art","Movies"
"Cinderella","http://flickwiz.xululabs.us/sites/default/files/MV5BMjMxODYyODEzN15BMl5BanBnXkFtZTgwMDk4OTU0MzE%40._V1_SX640_SY720_.jpg","When her father unexpe","Movies"
"Cinderella","http://flickwiz.xululabs.us/sites/default/files/MV5BODA5NjY4MTY4OV5BMl5BanBnXkFtZTgwNDcyMDE4MTE%40._V1_SX640_SY720_.jpg","When her father unexpe","Movies"
"Cinderella","http://flickwiz.xululabs.us/sites/default/files/MV5BMjM4NTQ5Mzk5OV5BMl5BanBnXkFtZTgwOTkyMzk1MzE%40._V1_SX640_SY720_.jpg","When her father unexpe","Movies"
"The Bronze","http://flickwiz.xululabs.us/sites/default/files/MV5BMTUxMzI2Mzc5Ml5BMl5BanBnXkFtZTgwODQzOTU2NzE%40._V1_SX640_SY720_.jpg","A foul-mouthed former ","Movies"
"Jurassic World","http://flickwiz.xululabs.us/sites/default/files/MV5BMTQ5MTE0MTk3Nl5BMl5BanBnXkFtZTgwMjczMzk2NTE%40._V1_SX640_SY720_.jpg","A new theme park is bu","Movies"
"Jurassic World","http://flickwiz.xululabs.us/sites/default/files/MV5BOTE0MjU2MTg0N15BMl5BanBnXkFtZTgwMDg0ODk5MjE%40._V1_SX640_SY720_.jpg","A new theme park is bu","Movies"
"Youth","http://flickwiz.xululabs.us/sites/default/files/MV5BMjI2OTk5MzYyMl5BMl5BanBnXkFtZTgwMzY1MjE3NjE%40._V1_SX640_SY720_.jpg","A retired orchestra co","Movies"
"Youth","http://flickwiz.xululabs.us/sites/default/files/MV5BMjM2MDU1MjAwMF5BMl5BanBnXkFtZTgwODg3MDczNzE%40._V1_SX640_SY720_.jpg","A retired orchestra co","Movies"
"Youth","http://flickwiz.xululabs.us/sites/default/files/MV5BMTU2NzkyNjkyN15BMl5BanBnXkFtZTgwMzEyNjQ1NTE%40._V1_SX640_SY720_.jpg","A retired orchestra co","Movies"
"Sisters","http://flickwiz.xululabs.us/sites/default/files/MV5BMjM3MzQ5NDE5MF5BMl5BanBnXkFtZTgwODE5OTQyNzE%40._V1_SX640_SY720_.jpg","Two sisters decide to ","Movies"
"Sisters","http://flickwiz.xululabs.us/sites/default/files/MV5BMTU1MTI0NDc1N15BMl5BanBnXkFtZTgwODEzODkxNzE%40._V1_SX640_SY720_.jpg","Two sisters decide to ","Movies"
"Daddy's Home","http://flickwiz.xululabs.us/sites/default/files/MV5BMjA5OTEzNTk0MV5BMl5BanBnXkFtZTgwODQ3NzIzNzE%40._V1_SX640_SY720_.jpg","Stepdad, Brad Whitaker","Movies"
"Daddy's Home","http://flickwiz.xululabs.us/sites/default/files/MV5BMTQ0OTE1MTk4N15BMl5BanBnXkFtZTgwMDM5OTk5NjE%40._V1_SX640_SY720_.jpg","Stepdad, Brad Whitaker","Movies"
"Southbound","http://flickwiz.xululabs.us/sites/default/files/MV5BMTU1NDg3NjE5MF5BMl5BanBnXkFtZTgwNzQxNjA3NzE%40._V1_SX640_SY720_.jpg","Five interlocking tale","Movies"
"Trainwreck","http://flickwiz.xululabs.us/sites/default/files/MV5BMTQ4MjgwNTMyOV5BMl5BanBnXkFtZTgwMTc1MjI0NDE%40._V1_SX640_SY720_.jpg","Having thought that mo","Movies"
"Pan","http://flickwiz.xululabs.us/sites/default/files/MV5BMzk2MDg5MDczMl5BMl5BanBnXkFtZTgwNTE2NjYyNjE%40._V1_SX640_SY720_.jpg","12-year-old orphan Pet","Movies"
"Pan","http://flickwiz.xululabs.us/sites/default/files/MV5BMTgwMjUyOTc5N15BMl5BanBnXkFtZTgwMjEwNDI1MzE%40._V1_SX640_SY720_.jpg","12-year-old orphan Pet","Movies"
"Pan","http://flickwiz.xululabs.us/sites/default/files/MV5BOTg4NDI3NTY0Nl5BMl5BanBnXkFtZTgwMTY4MDMzNTE%40._V1_SX640_SY720_.jpg","12-year-old orphan Pet","Movies"
"Furious 7","http://flickwiz.xululabs.us/sites/default/files/MV5BMTQxOTA2NDUzOV5BMl5BanBnXkFtZTgwNzY2MTMxMzE%40._V1_SX640_SY720_.jpg","Deckard Shaw seeks rev","Movies"
"Furious 7","http://flickwiz.xululabs.us/sites/default/files/MV5BNTY3MjkyNDExNF5BMl5BanBnXkFtZTgwODM5OTM4NDE%40._V1_SX640_SY720_.jpg","Deckard Shaw seeks rev","Movies"
"Anomalisa ","http://flickwiz.xululabs.us/sites/default/files/MV5BMTkyMzI2MzQ1N15BMl5BanBnXkFtZTgwNDg0MzQxNzE%40._V1_SX640_SY720_.jpg","A man crippled by the ","Movies"
"Anomalisa ","http://flickwiz.xululabs.us/sites/default/files/MV5BMTQ3NDQyODg1MV5BMl5BanBnXkFtZTgwMDQxNjQ0NzE%40._V1_SX640_SY720_.jpg","A man crippled by the ","Movies"
"Love the Coopers","http://flickwiz.xululabs.us/sites/default/files/MV5BMjE4NTkyODk4NF5BMl5BanBnXkFtZTgwNjY0NzkxNzE%40._V1_SX640_SY720_.jpg","When four generations ","Movies"
"Love the Coopers","http://flickwiz.xululabs.us/sites/default/files/MV5BMTc5NjA1Mzk5N15BMl5BanBnXkFtZTgwMjEwOTY2NjE%40._V1_SX640_SY720_.jpg","When four generations ","Movies"
"Lazer Team","http://flickwiz.xululabs.us/sites/default/files/MV5BODU0MDM0ODMyN15BMl5BanBnXkFtZTgwMzk1MTk3NzE%40._V1_SX640_SY720_.jpg","Four losers are thrust","Movies"
"Lazer Team","http://flickwiz.xululabs.us/sites/default/files/MV5BMTQ5MjczMzU2Nl5BMl5BanBnXkFtZTgwNTQ3OTg5NzE%40._V1_SX640_SY720_.jpg","Four losers are thrust","Movies"
"Lazer Team","http://flickwiz.xululabs.us/sites/default/files/MV5BOTZmNDQ1NDItMTVlOS00NjE3LTgxMzQtNzliODM0OTg0OGU3XkEyXkFqcGdeQXVyMTY4MDAzOTE%40._V1_SX640_SY720_.jpg","Four losers are thrust","Movies"
"Solace","http://flickwiz.xululabs.us/sites/default/files/MV5BNTY2MWFkOTMtMTlkMC00YzE0LTkzNjAtYzA5OWIzMmQ2MTgzXkEyXkFqcGdeQXVyNTg0ODIxMDI%40._V1_SX640_SY720_.jpg","A psychic works with t","Movies"
"Solace","http://flickwiz.xululabs.us/sites/default/files/MV5BYTNlMWY3ZTgtNWE1Mi00NTY1LTlmMTMtMmNiN2YxMjU4ZjZmXkEyXkFqcGdeQXVyMjg3OTY3MDU%40._V1_SX640_SY720_.jpg","A psychic works with t","Movies"
"The Visit","http://flickwiz.xululabs.us/sites/default/files/MV5BMTg3OTM2OTc5MV5BMl5BanBnXkFtZTgwMjMxNDM0NTE%40._V1_SX640_SY720_.jpg","Two siblings become in","Movies"
"The Visit","http://flickwiz.xululabs.us/sites/default/files/MV5BMTQ3MTc1OTExOF5BMl5BanBnXkFtZTgwOTI5Njk0NzE%40._V1_SX640_SY720_.jpg","Two siblings become in","Movies"
"The Hunger Games: Mockingjay - Part 2","http://flickwiz.xululabs.us/sites/default/files/MV5BNjQzNDI2NTU1Ml5BMl5BanBnXkFtZTgwNTAyMDQ5NjE%40._V1_SX640_SY720_.jpg","As the war of Panem es","Movies"
"The Hunger Games: Mockingjay - Part 2","http://flickwiz.xululabs.us/sites/default/files/MV5BMTQ2MDk2OTAyMF5BMl5BanBnXkFtZTgwMDMyMzkxNjE%40._V1_SX640_SY720_.jpg","As the war of Panem es","Movies"
"The Hunger Games: Mockingjay - Part 2","http://flickwiz.xululabs.us/sites/default/files/MV5BMTY3MDEwNDAwMV5BMl5BanBnXkFtZTgwNzEwNjIwNjE%40._V1_SX640_SY720_.jpg","As the war of Panem es","Movies"
"Maze Runner: The Scorch Trials","http://flickwiz.xululabs.us/sites/default/files/MV5BMjE3MDU2NzQyMl5BMl5BanBnXkFtZTgwMzQxMDQ3NTE%40._V1_SX640_SY720_.jpg","After having escaped t","Movies"
"Maze Runner: The Scorch Trials","http://flickwiz.xululabs.us/sites/default/files/MV5BMjA5NDY2OTcyOV5BMl5BanBnXkFtZTgwMTI2NTIzNjE%40._V1_SX640_SY720_.jpg","After having escaped t","Movies"
"Maze Runner: The Scorch Trials","http://flickwiz.xululabs.us/sites/default/files/MV5BMjExMjY0OTk3N15BMl5BanBnXkFtZTgwODE5OTgxNzE%40._V1_SX640_SY720_.jpg","After having escaped t","Movies"
"Dope","http://flickwiz.xululabs.us/sites/default/files/MV5BMjA3MjYyNTk0Nl5BMl5BanBnXkFtZTgwODc1NzQ1NTE%40._V1_SX640_SY720_.jpg","Life changes for Malco","Movies"
"Dope","http://flickwiz.xululabs.us/sites/default/files/MV5BMjQxMTMyOTY1NV5BMl5BanBnXkFtZTgwOTU2MTA5NTE%40._V1_SX640_SY720_.jpg","Life changes for Malco","Movies"
"Love","http://flickwiz.xululabs.us/sites/default/files/MV5BMTQzNDUwODk5NF5BMl5BanBnXkFtZTgwNzA0MDQ2NTE%40._V1_SX640_SY720_.jpg","Murphy is an American ","Movies"
"The Man from U.N.C.L.E.","http://flickwiz.xululabs.us/sites/default/files/MV5BMTc2NjQ4ODYyNF5BMl5BanBnXkFtZTgwODA3OTU5NTE%40._V1_SX640_SY720_.jpg","In the early 1960s, CI","Movies"
"The Man from U.N.C.L.E.","http://flickwiz.xululabs.us/sites/default/files/MV5BMTc4NDQ1MTI3OF5BMl5BanBnXkFtZTgwNjk5MzUxNjE%40._V1_SX640_SY720_.jpg","In the early 1960s, CI","Movies"
"The Man from U.N.C.L.E.","http://flickwiz.xululabs.us/sites/default/files/MV5BMTcyMDA1NDMwNl5BMl5BanBnXkFtZTgwNjQ2MjM0NDE%40._V1_SX640_SY720_.jpg","In the early 1960s, CI","Movies"
"Concussion ","http://flickwiz.xululabs.us/sites/default/files/MV5BMTYwNjgwNDg0NV5BMl5BanBnXkFtZTgwMzY1MjAyNzE%40._V1_SX640_SY720_.jpg","In Pittsburgh, accompl","Movies"
"Concussion ","http://flickwiz.xululabs.us/sites/default/files/MV5BMTc3MjEzNjAzM15BMl5BanBnXkFtZTgwOTMxMzk2NjE%40._V1_SX640_SY720_.jpg","In Pittsburgh, accompl","Movies"
"Concussion ","http://flickwiz.xululabs.us/sites/default/files/MV5BMTc1Njc4NDE2Ml5BMl5BanBnXkFtZTgwMTg3MDczNzE%40._V1_SX640_SY720_.jpg","In Pittsburgh, accompl","Movies"
"Secret in Their Eyes","http://flickwiz.xululabs.us/sites/default/files/MV5BMjE0ODU1NDE0Ml5BMl5BanBnXkFtZTgwNzc4Njc3NjE%40._V1_SX640_SY720_.jpg","A tight-knit team of r","Movies"
"Secret in Their Eyes","http://flickwiz.xululabs.us/sites/default/files/MV5BNzgzNDg2MzA1N15BMl5BanBnXkFtZTgwOTg4MjQ5NzE%40._V1_SX640_SY720_.jpg","A tight-knit team of r","Movies"
"Secret in Their Eyes","http://flickwiz.xululabs.us/sites/default/files/MV5BMTYzMDk2OTkzMF5BMl5BanBnXkFtZTgwMDI1NTMxNjE%40._V1_SX640_SY720_.jpg","A tight-knit team of r","Movies"
"Ant-Man","http://flickwiz.xululabs.us/sites/default/files/MV5BMjM2NTQ5Mzc2M15BMl5BanBnXkFtZTgwNTcxMDI2NTE%40._V1_SX640_SY720_.jpg","Armed with a super-sui","Movies"
"Ant-Man","http://flickwiz.xululabs.us/sites/default/files/MV5BMjIxMTYwOTk0OV5BMl5BanBnXkFtZTgwNjE2MDY5NTE%40._V1_SX640_SY720_.jpg","Armed with a super-sui","Movies"
"Ant-Man","http://flickwiz.xululabs.us/sites/default/files/MV5BMTYxODY0MTc5N15BMl5BanBnXkFtZTgwNzE2MDY5NTE%40._V1_SX640_SY720_.jpg","Armed with a super-sui","Movies"
"Inside Out","http://flickwiz.xululabs.us/sites/default/files/MV5BOTgxMDQwMDk0OF5BMl5BanBnXkFtZTgwNjU5OTg2NDE%40._V1_SX640_SY720_.jpg","After young Riley is u","Movies"
"Inside Out","http://flickwiz.xululabs.us/sites/default/files/MV5BMTQ2MjUwMzU5Ml5BMl5BanBnXkFtZTgwNTkyNTU4MjE%40._V1_SX640_SY720_.jpg","After young Riley is u","Movies"
"Inside Out","http://flickwiz.xululabs.us/sites/default/files/MV5BODY1NzM0MTkzOV5BMl5BanBnXkFtZTgwMzU5OTQwMjE%40._V1_SX640_SY720_.jpg","After young Riley is u","Movies"
"Burnt ","http://flickwiz.xululabs.us/sites/default/files/MV5BNjEzNTk2OTEwNF5BMl5BanBnXkFtZTgwNzExMTg0NjE%40._V1_SX640_SY720_.jpg","Adam Jones (Bradley Co","Movies"
"Burnt ","http://flickwiz.xululabs.us/sites/default/files/MV5BMTQ0Mjk1ODM5NF5BMl5BanBnXkFtZTgwMDc2NjY3NTE%40._V1_SX640_SY720_.jpg","Adam Jones (Bradley Co","Movies"
"Carol ","http://flickwiz.xululabs.us/sites/default/files/MV5BMTcxNTkxMzA5OV5BMl5BanBnXkFtZTgwNTI0ODMzNzE%40._V1_SX640_SY720_.jpg","An aspiring photograph","Movies"
"Carol ","http://flickwiz.xululabs.us/sites/default/files/MV5BMjA3MDIyMTE5OF5BMl5BanBnXkFtZTgwMTE3OTUyNzE%40._V1_SX640_SY720_.jpg","An aspiring photograph","Movies"
"Carol ","http://flickwiz.xululabs.us/sites/default/files/MV5BMTEyMTA4MjY4NTFeQTJeQWpwZ15BbWU4MDIyMTkzMDcx._V1_SX640_SY720_.jpg","An aspiring photograph","Movies"
"Point Break","http://flickwiz.xululabs.us/sites/default/files/MV5BMjIxNDkzOTAyNV5BMl5BanBnXkFtZTgwNjEyOTY3NjE%40._V1_SX640_SY720_.jpg","A young FBI agent infi","Movies"
"Point Break","http://flickwiz.xululabs.us/sites/default/files/MV5BMjA4Njg3MTIzOF5BMl5BanBnXkFtZTgwMzQ0MzE4NjE%40._V1_SX640_SY720_.jpg","A young FBI agent infi","Movies"
"Point Break","http://flickwiz.xululabs.us/sites/default/files/MV5BNjI3MjI0NDM1MF5BMl5BanBnXkFtZTgwOTMzNTA4NTE%40._V1_SX640_SY720_.jpg","A young FBI agent infi","Movies"
"Point Break","http://flickwiz.xululabs.us/sites/default/files/MV5BMTQ3NDE0NzIxMV5BMl5BanBnXkFtZTgwNTQ0MzE4NjE%40._V1_SX640_SY720_.jpg","A young FBI agent infi","Movies"
"Everest ","http://flickwiz.xululabs.us/sites/default/files/MV5BMjMzMjIxOTIxMl5BMl5BanBnXkFtZTgwNTk4NDI0NjE%40._V1_SX640_SY720_.jpg","A climbing expedition ","Movies"
"Everest ","http://flickwiz.xululabs.us/sites/default/files/MV5BMTUyMzQwOTc3M15BMl5BanBnXkFtZTgwOTc1MTA5NTE%40._V1_SX640_SY720_.jpg","A climbing expedition ","Movies"
"Joy","http://flickwiz.xululabs.us/sites/default/files/MV5BMzc2MTI5Mzk0MV5BMl5BanBnXkFtZTgwMDIxMDg1NjE%40._V1_SX640_SY720_.jpg","Joy is the story of th","Movies"
"Fifty Shades of Grey","http://flickwiz.xululabs.us/sites/default/files/MV5BMTg1OTIyMTAxM15BMl5BanBnXkFtZTgwMjA3NDM1NzE%40._V1_SX640_SY720_.jpg","Literature student Ana","Movies"
"Fifty Shades of Grey","http://flickwiz.xululabs.us/sites/default/files/MV5BMTcwMzQ5NDg0NF5BMl5BanBnXkFtZTgwNDYyMzQwMTE%40._V1_SX640_SY720_.jpg","Literature student Ana","Movies"
"Fifty Shades of Grey","http://flickwiz.xululabs.us/sites/default/files/MV5BMjIwMTc5MTczOF5BMl5BanBnXkFtZTgwOTY5MjAwNTE%40._V1_SX640_SY720_.jpg","Literature student Ana","Movies"
"Ex Machina","http://flickwiz.xululabs.us/sites/default/files/MV5BMTUxNzc0OTIxMV5BMl5BanBnXkFtZTgwNDI3NzU2NDE%40._V1_SX640_SY720_.jpg","A young programmer is ","Movies"
"Ex Machina","http://flickwiz.xululabs.us/sites/default/files/MV5BMTcwNjM3Nzg1NV5BMl5BanBnXkFtZTgwNDU4NTUxMzE%40._V1_SX640_SY720_.jpg","A young programmer is ","Movies"
"Ex Machina","http://flickwiz.xululabs.us/sites/default/files/MV5BMjExOTI5NjU3N15BMl5BanBnXkFtZTgwMjgxODUxMzE%40._V1_SX640_SY720_.jpg","A young programmer is ","Movies"
"The Intern","http://flickwiz.xululabs.us/sites/default/files/MV5BMTUyNjE5NjI5OF5BMl5BanBnXkFtZTgwNzYzMzU3NjE%40._V1_SX640_SY720_.jpg","70-year-old widower Be","Movies"
"The Intern","http://flickwiz.xululabs.us/sites/default/files/MV5BMjMyNDQwMTU2NV5BMl5BanBnXkFtZTgwNDY1OTk2NTE%40._V1_SX640_SY720__0.jpg","70-year-old widower Be","Movies"
"Straight Outta Compton","http://flickwiz.xululabs.us/sites/default/files/MV5BMTA5MzkyMzIxNjJeQTJeQWpwZ15BbWU4MDU0MDk0OTUx._V1_SX640_SY720_.jpg","The group NWA emerges ","Movies"
"Straight Outta Compton","http://flickwiz.xululabs.us/sites/default/files/MV5BMjQxNjA1MTc3NF5BMl5BanBnXkFtZTgwMjYwMjM4NjE%40._V1_SX640_SY720_.jpg","The group NWA emerges ","Movies"
"Straight Outta Compton","http://flickwiz.xululabs.us/sites/default/files/MV5BMTQ1NjYzMjA2N15BMl5BanBnXkFtZTgwMTE1MTYyNTE%40._V1_SX640_SY720_.jpg","The group NWA emerges ","Movies"
"Regression ","http://flickwiz.xululabs.us/sites/default/files/MV5BMTkwOTg0NTEzOF5BMl5BanBnXkFtZTgwNTUwMTAwNzE%40._V1_SX640_SY720_.jpg","A detective and a psyc","Movies"
"Regression ","http://flickwiz.xululabs.us/sites/default/files/MV5BMTYyOTg0ODA0NV5BMl5BanBnXkFtZTgwODQ4OTQ5NjE%40._V1_SX640_SY720_.jpg","A detective and a psyc","Movies"
"Regression ","http://flickwiz.xululabs.us/sites/default/files/MV5BMjMzMjE5NjA3MF5BMl5BanBnXkFtZTgwNDUwMTAwNzE%40._V1_SX640_SY720_.jpg","A detective and a psyc","Movies"
"Trumbo ","http://flickwiz.xululabs.us/sites/default/files/MV5BMjM1MDc2OTQ3NV5BMl5BanBnXkFtZTgwNzQ0NjQ1NjE%40._V1_SX640_SY720_.jpg","In 1947, Dalton Trumbo","Movies"
"Trumbo ","http://flickwiz.xululabs.us/sites/default/files/MV5BNDQ1MTUyMjc2NF5BMl5BanBnXkFtZTgwNzk0MjQ5NjE%40._V1_SX640_SY720_.jpg","In 1947, Dalton Trumbo","Movies"
"Trumbo ","http://flickwiz.xululabs.us/sites/default/files/MV5BMTQ3MzcxMjQ0MV5BMl5BanBnXkFtZTgwMzM4ODk4NzE%40._V1_SX640_SY720_.jpg","In 1947, Dalton Trumbo","Movies"
"Steve Jobs","http://flickwiz.xululabs.us/sites/default/files/MV5BMjE0NTA2MTEwOV5BMl5BanBnXkFtZTgwNzg4NzU2NjE%40._V1_SX640_SY720_.jpg","Steve Jobs takes us be","Movies"
"Steve Jobs","http://flickwiz.xululabs.us/sites/default/files/MV5BMTU5NTE5NzAxN15BMl5BanBnXkFtZTgwODcxMjY2NjE%40._V1_SX640_SY720_.jpg","Steve Jobs takes us be","Movies"
"Steve Jobs","http://flickwiz.xululabs.us/sites/default/files/MV5BMTUyNjM0MjMzNV5BMl5BanBnXkFtZTgwNzg0NDc5NzE%40._V1_SX640_SY720_.jpg","Steve Jobs takes us be","Movies"
"Crimson Peak","http://flickwiz.xululabs.us/sites/default/files/MV5BNTY2OTI5MjAyOV5BMl5BanBnXkFtZTgwNTkzMjQ0NDE%40._V1_SX640_SY720_.jpg","In the aftermath of a ","Movies"
"Crimson Peak","http://flickwiz.xululabs.us/sites/default/files/MV5BMjE2MTUxODU2Nl5BMl5BanBnXkFtZTgwMDc5NDAwNjE%40._V1_SX640_SY720_.jpg","In the aftermath of a ","Movies"
"Crimson Peak","http://flickwiz.xululabs.us/sites/default/files/MV5BMjQyMDA0NjU5OV5BMl5BanBnXkFtZTgwOTY5NDAwNjE%40._V1_SX640_SY720_.jpg","In the aftermath of a ","Movies"
"Black Mass","http://flickwiz.xululabs.us/sites/default/files/MV5BNzg0ODI3NDQxNF5BMl5BanBnXkFtZTgwMzgzNDA0NjE%40._V1_SX640_SY720_.jpg","The true story of Whit","Movies"
"Black Mass","http://flickwiz.xululabs.us/sites/default/files/MV5BMTYxOTU0MDQwM15BMl5BanBnXkFtZTgwNDI0Mjc0NjE%40._V1_SX640_SY720_.jpg","The true story of Whit","Movies"
"Black Mass","http://flickwiz.xululabs.us/sites/default/files/MV5BNzUzNjI0NzIzNV5BMl5BanBnXkFtZTgwMjkwMDM5NTE%40._V1_SX640_SY720_.jpg","The true story of Whit","Movies"
"Brooklyn ","http://flickwiz.xululabs.us/sites/default/files/MV5BMzE4MDk5NzEyOV5BMl5BanBnXkFtZTgwNDM4NDA3NjE%40._V1_SX640_SY720_.jpg","An Irish immigrant lan","Movies"
"Brooklyn ","http://flickwiz.xululabs.us/sites/default/files/MV5BOGMzNTc2YWUtNmE2ZS00ZjkyLWFmMWUtY2VkZjhlNTAyYWE2XkEyXkFqcGdeQXVyNTIzOTk5ODM%40._V1_SX640_SY720_.jpg","An Irish immigrant lan","Movies"
"Avengers: Age of Ultron","http://flickwiz.xululabs.us/sites/default/files/MV5BMTM4OGJmNWMtOTM4Ni00NTE3LTg3MDItZmQxYjc4N2JhNmUxXkEyXkFqcGdeQXVyNTgzMDMzMTg%40._V1_SX640_SY720_.jpg","When Tony Stark and Br","Movies"
"Avengers: Age of Ultron","http://flickwiz.xululabs.us/sites/default/files/MV5BMTkzMjY0NzA4OV5BMl5BanBnXkFtZTgwMDYyMDE2NDE%40._V1_SX640_SY720_.jpg","When Tony Stark and Br","Movies"
"The Good Dinosaur","http://flickwiz.xululabs.us/sites/default/files/MV5BMTc5MTg2NjQ4MV5BMl5BanBnXkFtZTgwNzcxOTY5NjE%40._V1_SX640_SY720_.jpg","In a world where dinos","Movies"
"The Good Dinosaur","http://flickwiz.xululabs.us/sites/default/files/MV5BMTg5Mjg4ODM5MF5BMl5BanBnXkFtZTgwMTM5NzkyNzE%40._V1_SX640_SY720_.jpg","In a world where dinos","Movies"
"The Good Dinosaur","http://flickwiz.xululabs.us/sites/default/files/MV5BMjA0ODA5MDE1OF5BMl5BanBnXkFtZTgwNjk0MjQ5NjE%40._V1_SX640_SY720_.jpg","In a world where dinos","Movies"
"The Witch","http://flickwiz.xululabs.us/sites/default/files/MV5BMTY4MTU2NjMyNV5BMl5BanBnXkFtZTgwMzUwMDk4NzE%40._V1_SX640_SY720_.jpg","A family in 1630s New ","Movies"
"The Witch","http://flickwiz.xululabs.us/sites/default/files/MV5BNTkzNjg5NjQ2N15BMl5BanBnXkFtZTgwNzExMjE3NzE%40._V1_SX640_SY720_.jpg","A family in 1630s New ","Movies"
"Tomorrowland","http://flickwiz.xululabs.us/sites/default/files/MV5BMTQ0MDc5MjAyNF5BMl5BanBnXkFtZTgwMzU5Mzk1NjE%40._V1_SX640_SY720_.jpg","Bound by a shared dest","Movies"
"Tomorrowland","http://flickwiz.xululabs.us/sites/default/files/MV5BMTQ4OTgzNTkwNF5BMl5BanBnXkFtZTgwMzI3MDE3NDE%40._V1_SX640_SY720_.jpg","Bound by a shared dest","Movies"
"Tomorrowland","http://flickwiz.xululabs.us/sites/default/files/MV5BMTQ1OTQ1MjUyOV5BMl5BanBnXkFtZTgwMzk3MzI5MjE%40._V1_SX640_SY720_.jpg","Bound by a shared dest","Movies"
"The Night Before","http://flickwiz.xululabs.us/sites/default/files/MV5BMTkyNDY1ODQwNV5BMl5BanBnXkFtZTgwNzA2MjUwNzE%40._V1_SX640_SY720_.jpg","On Christmas eve, thre","Movies"
"The Night Before","http://flickwiz.xululabs.us/sites/default/files/MV5BMTQ5MzIzODcwN15BMl5BanBnXkFtZTgwNjg0MTkzNjE%40._V1_SX640_SY720_.jpg","On Christmas eve, thre","Movies"
"The Night Before","http://flickwiz.xululabs.us/sites/default/files/MV5BNjIwNDk2MzIzMF5BMl5BanBnXkFtZTgwMTU4OTQ5NjE%40._V1_SX640_SY720_.jpg","On Christmas eve, thre","Movies"
"The Last Witch Hunter","http://flickwiz.xululabs.us/sites/default/files/MV5BMjM5Njk5MzYzM15BMl5BanBnXkFtZTgwNzM1Mjk4NjE%40._V1_SX640_SY720_.jpg","The last witch hunter ","Movies"
"The Last Witch Hunter","http://flickwiz.xululabs.us/sites/default/files/MV5BMjc1OTQyMDIyM15BMl5BanBnXkFtZTgwMjgzNTQ1NTE%40._V1_SX640_SY720_.jpg","The last witch hunter ","Movies"
"The Last Witch Hunter","http://flickwiz.xululabs.us/sites/default/files/MV5BOTlkYWVmODEtYjQyNy00YTNhLWFmMWUtOTZkYzZkNDU1NWZlXkEyXkFqcGdeQXVyNjUyNjI3NzU%40._V1_SX640_SY720_.jpg","The last witch hunter ","Movies"
"The Lobster","http://flickwiz.xululabs.us/sites/default/files/MV5BNDQ1NDE5NzQ1NF5BMl5BanBnXkFtZTgwNzA5OTM2NTE%40._V1_SX640_SY720_.jpg","In a dystopian near fu","Movies"
"Goosebumps","http://flickwiz.xululabs.us/sites/default/files/MV5BMjA1OTUzNTQ5Ml5BMl5BanBnXkFtZTgwODQ4NDkxNjE%40._V1_SX640_SY720_.jpg","A teenager teams up wi","Movies"
"Goosebumps","http://flickwiz.xululabs.us/sites/default/files/MV5BNTk2MDlmODItOTg3Zi00MTQxLTkwYmMtNjcyMjkyYzk1ZjA4XkEyXkFqcGdeQXVyMzM4MjM0Nzg%40._V1_SX640_SY720_.jpg","A teenager teams up wi","Movies"
"Goosebumps","http://flickwiz.xululabs.us/sites/default/files/MV5BZWYxNGI5NTEtNDFiYy00YjhlLThhNTgtNzU5N2IzMGQ0MTNiXkEyXkFqcGdeQXVyMzM4MjM0Nzg%40._V1_SX640_SY720_.jpg","A teenager teams up wi","Movies"
"Mad Max: Fury Road","http://flickwiz.xululabs.us/sites/default/files/MV5BMTUyMTE0ODcxNF5BMl5BanBnXkFtZTgwODE4NDQzNTE%40._V1_SX640_SY720_.jpg","A woman rebels against","Movies"
"Legend","http://flickwiz.xululabs.us/sites/default/files/MV5BMjE0MjkyODQ3NF5BMl5BanBnXkFtZTgwNDM1OTk1NjE%40._V1_SX640_SY720_.jpg","The film tells the sto","Movies"
"Legend","http://flickwiz.xululabs.us/sites/default/files/MV5BMTg5NzQ2MjMyNF5BMl5BanBnXkFtZTgwMzE0ODkwNjE%40._V1_SX640_SY720_.jpg","The film tells the sto","Movies"
"The Danish Girl","http://flickwiz.xululabs.us/sites/default/files/MV5BMjA0NjA4NjE2Nl5BMl5BanBnXkFtZTgwNzIxNTY2NjE%40._V1_SX640_SY720_.jpg","A fictitious love stor","Movies"
"The Danish Girl","http://flickwiz.xululabs.us/sites/default/files/MV5BMTU4NDczMDE5Ml5BMl5BanBnXkFtZTgwNDg1OTAwODE%40._V1_SX640_SY720_.jpg","A fictitious love stor","Movies"
"The Danish Girl","http://flickwiz.xululabs.us/sites/default/files/MV5BNDAyMjcyMDIwNV5BMl5BanBnXkFtZTgwNDc0NDc5NzE%40._V1_SX640_SY720_.jpg","A fictitious love stor","Movies"
"Sicario","http://flickwiz.xululabs.us/sites/default/files/MV5BMjA5NjM3NTk1M15BMl5BanBnXkFtZTgwMzg1MzU2NjE%40._V1_SX640_SY720_.jpg","An idealistic FBI agen","Movies"
"Sicario","http://flickwiz.xululabs.us/sites/default/files/MV5BMTg0NTQyYjEtZmNjNC00ZWE2LWEzYWQtMzkxY2M2MWE1M2FmXkEyXkFqcGdeQXVyNTIzOTk5ODM%40._V1_SX640_SY720_.jpg","An idealistic FBI agen","Movies"
"Sicario","http://flickwiz.xululabs.us/sites/default/files/MV5BMDZhMGJkOTMtNWJiZC00NDgzLWJjZmMtMTg4ZjhkMWYxMjY3XkEyXkFqcGdeQXVyNTIzOTk5ODM%40._V1_SX640_SY720_.jpg","An idealistic FBI agen","Movies"
"Sicario","http://flickwiz.xululabs.us/sites/default/files/MV5BODg0NDM1MDI5NV5BMl5BanBnXkFtZTgwMzAwOTgwNjE%40._V1_SX640_SY720_.jpg","An idealistic FBI agen","Movies"
"Bridge of Spies","http://flickwiz.xululabs.us/sites/default/files/MV5BMjIxOTI0MjU5NV5BMl5BanBnXkFtZTgwNzM4OTk4NTE%40._V1_SX640_SY720_.jpg","During the Cold War, a","Movies"
"Bridge of Spies","http://flickwiz.xululabs.us/sites/default/files/MV5BMTUyMTc0MDc1MF5BMl5BanBnXkFtZTgwNjY0NDc5NzE%40._V1_SX640_SY720_.jpg","During the Cold War, a","Movies"
"Bridge of Spies","http://flickwiz.xululabs.us/sites/default/files/MV5BMTY3MTA2NjI3OV5BMl5BanBnXkFtZTgwNDg0NDc5NzE%40._V1_SX640_SY720_.jpg","During the Cold War, a","Movies"
"Hardcore Henry","http://flickwiz.xululabs.us/sites/default/files/MV5BNjIzNTcwMDc3Nl5BMl5BanBnXkFtZTgwNzU5NTY5NzE%40._V1_SX640_SY720_.jpg","A first-person action ","Movies"
"Room ","http://flickwiz.xululabs.us/sites/default/files/MV5BMjE4NzgzNzEwMl5BMl5BanBnXkFtZTgwMTMzMDE0NjE%40._V1_SX640_SY720_.jpg","After five-year-old Ja","Movies"
"Room ","http://flickwiz.xululabs.us/sites/default/files/MV5BMTk0NTMzMzg4Nl5BMl5BanBnXkFtZTgwNjg0NDc5NzE%40._V1_SX640_SY720_.jpg","After five-year-old Ja","Movies"
"Room ","http://flickwiz.xululabs.us/sites/default/files/MV5BMjIzMzM1ODc0N15BMl5BanBnXkFtZTgwMDg0NDc5NzE%40._V1_SX640_SY720_.jpg","After five-year-old Ja","Movies"
"The Big Short","http://flickwiz.xululabs.us/sites/default/files/MV5BMjM2MTQ2MzcxOF5BMl5BanBnXkFtZTgwNzE4NTUyNzE%40._V1_SX640_SY720_.jpg","Four denizens in the w","Movies"
"The Big Short","http://flickwiz.xululabs.us/sites/default/files/MV5BMTcyMjExMjc4MV5BMl5BanBnXkFtZTgwMzk0NDc5NzE%40._V1_SX640_SY720_.jpg","Four denizens in the w","Movies"
"The Big Short","http://flickwiz.xululabs.us/sites/default/files/MV5BZmY5NmQyNTQtYzIxZS00NzNmLThiOWEtM2VkMWNjZTUyODBiXkEyXkFqcGdeQXVyNDUzOTQ5MjY%40._V1_SX640_SY720_.jpg","Four denizens in the w","Movies"
"The Martian","http://flickwiz.xululabs.us/sites/default/files/MV5BMTc2MTQ3MDA1Nl5BMl5BanBnXkFtZTgwODA3OTI4NjE%40._V1_SX640_SY720_.jpg","During a manned missio","Movies"
"The Martian","http://flickwiz.xululabs.us/sites/default/files/MV5BMTYyMDM1MjU0Nl5BMl5BanBnXkFtZTgwMDc0NDc5NzE%40._V1_SX640_SY720_.jpg","During a manned missio","Movies"
"The Martian","http://flickwiz.xululabs.us/sites/default/files/MV5BMjI0MDA0NTAzN15BMl5BanBnXkFtZTgwNzA1MjM2NzE%40._V1_SX640_SY720_.jpg","During a manned missio","Movies"
"Spotlight","http://flickwiz.xululabs.us/sites/default/files/MV5BMTgxOTc4MDQxMF5BMl5BanBnXkFtZTgwMzc1Nzc5NzE%40._V1_SX640_SY720_.jpg","The true story of how ","Movies"
"Spotlight","http://flickwiz.xululabs.us/sites/default/files/MV5BNTk1MDRmNTYtYmVkZC00ZmNhLTg2NWQtZDc3ZDdmZmFhZGJlXkEyXkFqcGdeQXVyNjUwNzk3NDc%40._V1_SX640_SY720_.jpg","The true story of how ","Movies"
"Spotlight","http://flickwiz.xululabs.us/sites/default/files/MV5BMjIyOTM5OTIzNV5BMl5BanBnXkFtZTgwMDkzODE2NjE%40._V1_SX640_SY720_.jpg","The true story of how ","Movies"
"Star Wars: Episode VII - The Force Awakens","http://flickwiz.xululabs.us/sites/default/files/MV5BOTAzODEzNDAzMl5BMl5BanBnXkFtZTgwMDU1MTgzNzE%40._V1__SX1303_SY607_.jpg","Three decades after th","Movies"
"Star Wars: Episode VII - The Force Awakens","http://flickwiz.xululabs.us/sites/default/files/MV5BMTU5NjEyMzM2Nl5BMl5BanBnXkFtZTgwMDQ3OTkxNzE%40._V1__SX1303_SY607_.jpg","Three decades after th","Movies"
"Star Wars: Episode VII - The Force Awakens","http://flickwiz.xululabs.us/sites/default/files/MV5BMjAwMDQ1NDcxNV5BMl5BanBnXkFtZTgwOTA2MDY3NjE%40._V1__SX1303_SY607_.jpg","Three decades after th","Movies"
"The Revenant","http://flickwiz.xululabs.us/sites/default/files/124545.jpg","A frontiersman on a fu","Movies"
"The Revenant","http://flickwiz.xululabs.us/sites/default/files/MV5BNzc3MjE1NDE4OF5BMl5BanBnXkFtZTgwMjkyMTgxNzE%40._V1__SX1303_SY607_.jpg","A frontiersman on a fu","Movies"
"The Revenant","http://flickwiz.xululabs.us/sites/default/files/MV5BMjEzMDk1NzI0N15BMl5BanBnXkFtZTgwMjA1MjM2NzE%40._V1__SX1303_SY607_.jpg","A frontiersman on a fu","Movies"
"The Revenant","http://flickwiz.xululabs.us/sites/default/files/MV5BMjI4NzUzNDQyMF5BMl5BanBnXkFtZTgwODc0NDc5NzE%40._V1__SX1303_SY607_.jpg","A frontiersman on a fu","Movies"
"Thor: The Dark World","http://flickwiz.xululabs.us/sites/default/files/MV5BMTQyNzAwOTUxOF5BMl5BanBnXkFtZTcwMTE0OTc5OQ%40%40._V1__SX1303_SY607_.jpg","When Dr Jane Foster ge","Movies"
"Thor: The Dark World","http://flickwiz.xululabs.us/sites/default/files/MV5BMTg0OTQ2NTkzOV5BMl5BanBnXkFtZTcwNTkzNDA5OQ%40%40._V1__SX1303_SY607_.jpg","When Dr Jane Foster ge","Movies"
"Thor: The Dark World","http://flickwiz.xululabs.us/sites/default/files/MV5BMTU5NjcyNjI2Nl5BMl5BanBnXkFtZTcwNzgxNDA5OQ%40%40._V1__SX1303_SY607_.jpg","When Dr Jane Foster ge","Movies"
"The Amazing Spider-Man","http://flickwiz.xululabs.us/sites/default/files/MV5BMjMyOTM4MDMxNV5BMl5BanBnXkFtZTcwNjIyNzExOA%40%40._V1__SX1303_SY607_.jpg","After Peter Parker is ","Movies"
"The Amazing Spider-Man","http://flickwiz.xululabs.us/sites/default/files/MV5BMTkwNjA4NzUwM15BMl5BanBnXkFtZTcwMzY1NDM5Nw%40%40._V1__SX1303_SY607_.jpg","After Peter Parker is ","Movies"
"Iron Man 2 ","http://flickwiz.xululabs.us/sites/default/files/MV5BMTM0MDgwNjMyMl5BMl5BanBnXkFtZTcwNTg3NzAzMw%40%40._V1__SX1303_SY607_.jpg","With the world now awa","Movies"
"Iron Man 2 ","http://flickwiz.xululabs.us/sites/default/files/MV5BMTQ1MzI1NzcxMV5BMl5BanBnXkFtZTcwNTI0OTY2Mw%40%40._V1__SX1303_SY607_.jpg","With the world now awa","Movies"
"Iron Man 2 ","http://flickwiz.xululabs.us/sites/default/files/MV5BMjE1NjMxOTM3NV5BMl5BanBnXkFtZTcwMTE3NDY0Mw%40%40._V1__SX1303_SY607_.jpg","With the world now awa","Movies"
"Iron Man 2 ","http://flickwiz.xululabs.us/sites/default/files/MV5BMjA2NTQ4NzU0Nl5BMl5BanBnXkFtZTcwNDE2NTY2Mw%40%40._V1__SX1303_SY607_.jpg","With the world now awa","Movies"
"Thor","http://flickwiz.xululabs.us/sites/default/files/MV5BMTYxMjA5NDMzNV5BMl5BanBnXkFtZTcwOTk2Mjk3NA%40%40._V1__SX1303_SY607_.jpg","The powerful but arrog","Movies"
"Thor","http://flickwiz.xululabs.us/sites/default/files/MV5BMTM0NjM5MDkwMF5BMl5BanBnXkFtZTcwNTYwMzU5NA%40%40._V1__SX1303_SY607_.jpg","The powerful but arrog","Movies"
"Thor","http://flickwiz.xululabs.us/sites/default/files/MV5BMTMwNDEyNTM1N15BMl5BanBnXkFtZTcwNTY5MzgxNA%40%40._V1__SX1303_SY607_.jpg","The powerful but arrog","Movies"
"Thor","http://flickwiz.xululabs.us/sites/default/files/MV5BMjEzMjQ3MjI4OV5BMl5BanBnXkFtZTcwODEzODQ2NA%40%40._V1__SX1303_SY607_.jpg","The powerful but arrog","Movies"
"True Grit","http://flickwiz.xululabs.us/sites/default/files/MV5BMjIxNjAzODQ0N15BMl5BanBnXkFtZTcwODY2MjMyNA%40%40._V1__SX1303_SY557_.jpg","A tough U.S.","Movies"
"True Grit","http://flickwiz.xululabs.us/sites/default/files/MV5BMTMwNDkwNTA1NF5BMl5BanBnXkFtZTcwNjYwMjE3NA%40%40._V1__SX1303_SY557_.jpg","A tough U.S.","Movies"
"True Grit","http://flickwiz.xululabs.us/sites/default/files/MV5BMjIzMTE3NjEyMV5BMl5BanBnXkFtZTcwMzg3MDc0NQ%40%40._V1__SX1303_SY557_.jpg","A tough U.S.","Movies"
"True Grit","http://flickwiz.xululabs.us/sites/default/files/MV5BMTYyNTIyMDk4OF5BMl5BanBnXkFtZTcwOTgwNTY0NA%40%40._V1__SX1303_SY557_.jpg","A tough U.S.","Movies"
"Harry Potter and the Deathly Hallows: Part 1","http://flickwiz.xululabs.us/sites/default/files/MV5BMTQ2OTE1Mjk0N15BMl5BanBnXkFtZTcwODE3MDAwNA%40%40._V1__SX1303_SY557_.jpg","As Harry races against","Movies"
"Harry Potter and the Deathly Hallows: Part 1","http://flickwiz.xululabs.us/sites/default/files/MV5BNTAxNzkxNjg0OV5BMl5BanBnXkFtZTcwMDg0OTI0NA%40%40._V1__SX1303_SY557_.jpg","As Harry races against","Movies"
"Harry Potter and the Deathly Hallows: Part 1","http://flickwiz.xululabs.us/sites/default/files/MV5BMTM3NjkxODU5OV5BMl5BanBnXkFtZTcwNTYwNzI2Mw%40%40._V1__SX1303_SY557_.jpg","As Harry races against","Movies"
"Prometheus ","http://flickwiz.xululabs.us/sites/default/files/MV5BMTY3NzIyNTA2NV5BMl5BanBnXkFtZTcwNzE2NjI4Nw%40%40._V1__SX1303_SY607_.jpg","Following clues to the","Movies"
"Prometheus ","http://flickwiz.xululabs.us/sites/default/files/MV5BMjIyMDU0NDI5MV5BMl5BanBnXkFtZTcwMjI4ODI4OA%40%40._V1__SX1303_SY607_.jpg","Following clues to the","Movies"
"Kick-Ass","http://flickwiz.xululabs.us/sites/default/files/MV5BMTMzNzEzMDYxM15BMl5BanBnXkFtZTcwMTc0NTMxMw%40%40._V1__SX1303_SY557_.jpg","Dave Lizewski is an un","Movies"
"Kick-Ass","http://flickwiz.xululabs.us/sites/default/files/MV5BODQ4OTM2NjA4NF5BMl5BanBnXkFtZTcwMDc2OTczMw%40%40._V1__SX1303_SY557_.jpg","Dave Lizewski is an un","Movies"
"Kick-Ass","http://flickwiz.xululabs.us/sites/default/files/MV5BMTYzMDM3MjEzMF5BMl5BanBnXkFtZTcwMDcyMTkwOA%40%40._V1__SX1303_SY557_.jpg","Dave Lizewski is an un","Movies"
"World War Z","http://flickwiz.xululabs.us/sites/default/files/MV5BMTg0NTgxMjIxOF5BMl5BanBnXkFtZTcwMDM0MDY1OQ%40%40._V1__SX1303_SY607_.jpg","United Nations employe","Movies"
"World War Z","http://flickwiz.xululabs.us/sites/default/files/MV5BMTQ1NTcwNDQwM15BMl5BanBnXkFtZTcwNDAzNzkyOQ%40%40._V1__SX1303_SY607_.jpg","United Nations employe","Movies"
"World War Z","http://flickwiz.xululabs.us/sites/default/files/MV5BMTYyMDgxNzkyM15BMl5BanBnXkFtZTcwMjk3NzQzOQ%40%40._V1__SX1303_SY607_.jpg","United Nations employe","Movies"
"Despicable Me","http://flickwiz.xululabs.us/sites/default/files/MV5BMTY3NjY0MTQ0Nl5BMl5BanBnXkFtZTcwMzQ2MTc0Mw%40%40._V1__SX1303_SY557_.jpg","When a criminal master","Movies"
"Despicable Me","http://flickwiz.xululabs.us/sites/default/files/MV5BMTQyODcwNjAxNV5BMl5BanBnXkFtZTcwMTU5NTE0NA%40%40._V1__SX1303_SY557_.jpg","When a criminal master","Movies"
"Despicable Me","http://flickwiz.xululabs.us/sites/default/files/MV5BMjE5OTMyNzQyOF5BMl5BanBnXkFtZTcwODAzNjY5Mg%40%40._V1__SX1303_SY557_.jpg","When a criminal master","Movies"
"Despicable Me","http://flickwiz.xululabs.us/sites/default/files/MV5BODM5MTg2MDc4OV5BMl5BanBnXkFtZTcwMTk3NDc1Mw%40%40._V1__SX1303_SY557_.jpg","When a criminal master","Movies"
"Oblivion","http://flickwiz.xululabs.us/sites/default/files/MV5BMTQwMDY0MTA4MF5BMl5BanBnXkFtZTcwNzI3MDgxOQ%40%40._V1__SX1303_SY607_.jpg","A veteran assigned to ","Movies"
"Oblivion","http://flickwiz.xululabs.us/sites/default/files/MV5BMTM5NTA5NTQxMV5BMl5BanBnXkFtZTcwNTE5MzI4OA%40%40._V1__SX1303_SY607_.jpg","A veteran assigned to ","Movies"
"Oblivion","http://flickwiz.xululabs.us/sites/default/files/MV5BMjE3MjEyNTI2OV5BMl5BanBnXkFtZTcwODk4MDgxOQ%40%40._V1__SX1303_SY607_.jpg","A veteran assigned to ","Movies"
"The Social Network","http://flickwiz.xululabs.us/sites/default/files/MV5BMTM2ODk0NDAwMF5BMl5BanBnXkFtZTcwNTM1MDc2Mw%40%40._V1__SX1303_SY557_.jpg","Harvard student Mark Z","Movies"
"The Social Network","http://flickwiz.xululabs.us/sites/default/files/MV5BMTQyODMxODIyMl5BMl5BanBnXkFtZTcwMzc5NTkyNA%40%40._V1__SX1303_SY557_.jpg","Harvard student Mark Z","Movies"
"The Social Network","http://flickwiz.xululabs.us/sites/default/files/MV5BMTgyMjk3NDIxNV5BMl5BanBnXkFtZTcwMTMxNTY0NA%40%40._V1__SX1303_SY557_.jpg","Harvard student Mark Z","Movies"
" Buried ","http://flickwiz.xululabs.us/sites/default/files/MV5BMTg5MzU3OTIwOV5BMl5BanBnXkFtZTcwMzU3NzY3Mw%40%40._V1__SX1303_SY607_.jpg","Paul is a U.S.","Movies"
" Buried ","http://flickwiz.xululabs.us/sites/default/files/MV5BMjk1NTI2MjQ1NV5BMl5BanBnXkFtZTcwOTY1OTQxNA%40%40._V1__SX1303_SY607_.jpg","Paul is a U.S.","Movies"
" Buried ","http://flickwiz.xululabs.us/sites/default/files/MV5BMTc4MTM5MDgwM15BMl5BanBnXkFtZTcwMjMwMTU1Mw%40%40._V1__SX1303_SY607_.jpg","Paul is a U.S.","Movies"
"X-Men: First Class","http://flickwiz.xululabs.us/sites/default/files/MV5BMTg5OTMxNzk4Nl5BMl5BanBnXkFtZTcwOTk1MjAwNQ%40%40._V1__SX1303_SY557_.jpg","In 1962, the United St","Movies"
"X-Men: First Class","http://flickwiz.xululabs.us/sites/default/files/MV5BMTc4MzUyOTg2OF5BMl5BanBnXkFtZTcwMDY5MDQ1Ng%40%40._V1__SX1303_SY557_.jpg","In 1962, the United St","Movies"
"X-Men: First Class","http://flickwiz.xululabs.us/sites/default/files/MV5BNDQ1NDA3NjgyOV5BMl5BanBnXkFtZTcwMTY5MDQ1Ng%40%40._V1__SX1303_SY557_.jpg","In 1962, the United St","Movies"
"Pacific Rim","http://flickwiz.xululabs.us/sites/default/files/MV5BMTY3MTI5NjQ4Nl5BMl5BanBnXkFtZTcwOTU1OTU0OQ%40%40._V1__SX1303_SY607_.jpg","As a war between human","Movies"
"Pacific Rim","http://flickwiz.xululabs.us/sites/default/files/MV5BMTM3NDUwNTI2OF5BMl5BanBnXkFtZTcwNTA2NzA4OQ%40%40._V1__SX1303_SY607_.jpg","As a war between human","Movies"
"Pacific Rim","http://flickwiz.xululabs.us/sites/default/files/MV5BMTgwMzA4OTc0OF5BMl5BanBnXkFtZTcwMTM2NTYyNg%40%40._V1__SX1303_SY607_.jpg","As a war between human","Movies"
"Pacific Rim","http://flickwiz.xululabs.us/sites/default/files/MV5BMjE4NzIxODg2MF5BMl5BanBnXkFtZTcwNTYyNjQ4OA%40%40._V1__SX1303_SY607_.jpg","As a war between human","Movies"
"Drive","http://flickwiz.xululabs.us/sites/default/files/MV5BOTM1ODQ0Nzc4NF5BMl5BanBnXkFtZTcwMTM0MjQyNg%40%40._V1__SX1303_SY557_.jpg","A mysterious Hollywood","Movies"
"Drive","http://flickwiz.xululabs.us/sites/default/files/MV5BMTU2MzI2MTE2M15BMl5BanBnXkFtZTcwNjE5MTE2Nw%40%40._V1__SX1303_SY557_.jpg","A mysterious Hollywood","Movies"
"Drive","http://flickwiz.xululabs.us/sites/default/files/MV5BMTM0NTgzODQ3MF5BMl5BanBnXkFtZTcwOTUxODUxNw%40%40._V1__SX1303_SY557_.jpg","A mysterious Hollywood","Movies"
"The World's End","http://flickwiz.xululabs.us/sites/default/files/MV5BNzA1MTk1MzY0OV5BMl5BanBnXkFtZTgwNjkzNTUwMDE%40._V1__SX1303_SY607_.jpg","Five friends who reuni","Movies"
"The World's End","http://flickwiz.xululabs.us/sites/default/files/MV5BMTYxMDc2NjQzNF5BMl5BanBnXkFtZTcwMTM4MTg2OQ%40%40._V1__SX1303_SY607_.jpg","Five friends who reuni","Movies"
"The World's End","http://flickwiz.xululabs.us/sites/default/files/MV5BMjI0OTMzODc5MF5BMl5BanBnXkFtZTcwMDgzODQ1OQ%40%40._V1__SX1303_SY607_.jpg","Five friends who reuni","Movies"
"The World's End","http://flickwiz.xululabs.us/sites/default/files/MV5BMjA0MTMyOTYyN15BMl5BanBnXkFtZTcwNTgwOTg0OQ%40%40._V1__SX1303_SY607_.jpg","Five friends who reuni","Movies"
"Men in Black 3","http://flickwiz.xululabs.us/sites/default/files/MV5BMTU2NTYxODcwMF5BMl5BanBnXkFtZTcwNDk1NDY0Nw%40%40._V1__SX1303_SY607_.jpg","Agent J travels in tim","Movies"
"Men in Black 3","http://flickwiz.xululabs.us/sites/default/files/MV5BMjAyNDAyNjE5OF5BMl5BanBnXkFtZTcwNjYwODk3OA%40%40._V1__SX1303_SY607_.jpg","Agent J travels in tim","Movies"
"Captain America: The First Avenger","http://flickwiz.xululabs.us/sites/default/files/MV5BMTYzOTc2NzU3N15BMl5BanBnXkFtZTcwNjY3MDE3NQ%40%40._V1__SX1303_SY607_.jpg","Steve Rogers, a reject","Movies"
"Captain America: The First Avenger","http://flickwiz.xululabs.us/sites/default/files/MV5BMTM3OTE5NzIwOF5BMl5BanBnXkFtZTcwMjk4MzI3Nw%40%40._V1__SX1303_SY607_.jpg","Steve Rogers, a reject","Movies"
"Captain America: The First Avenger","http://flickwiz.xululabs.us/sites/default/files/MV5BMTM2MDc5Nzc1MF5BMl5BanBnXkFtZTcwNzM3ODI3Nw%40%40._V1__SX1303_SY607_.jpg","Steve Rogers, a reject","Movies"
"Captain America: The First Avenger","http://flickwiz.xululabs.us/sites/default/files/MV5BMjA1MjQ5NTU5OF5BMl5BanBnXkFtZTcwNjY3ODI3Nw%40%40._V1__SX1303_SY607_.jpg","Steve Rogers, a reject","Movies"
"Bridesmaids","http://flickwiz.xululabs.us/sites/default/files/MV5BMjAyOTMyMzUxNl5BMl5BanBnXkFtZTcwODI4MzE0NA%40%40._V1__SX1303_SY607_.jpg","Competition between th","Movies"
"Bridesmaids","http://flickwiz.xululabs.us/sites/default/files/MV5BMTA4ODQxMDIxMTFeQTJeQWpwZ15BbWU3MDQyMjcwMTU%40._V1__SX1303_SY607_.jpg","Competition between th","Movies"
"The Fighter","http://flickwiz.xululabs.us/sites/default/files/MV5BMTM0ODk3MjM1MV5BMl5BanBnXkFtZTcwNzc1MDIwNA%40%40._V1__SX1303_SY557_.jpg","A look at the early ye","Movies"
"The Fighter","http://flickwiz.xululabs.us/sites/default/files/MV5BMTY0Nzc3OTcxN15BMl5BanBnXkFtZTcwMzQyMTkwOA%40%40._V1__SX1303_SY557_.jpg","A look at the early ye","Movies"
"The Hobbit: An Unexpected Journey","http://flickwiz.xululabs.us/sites/default/files/MV5BMTcwNTE4MTUxMl5BMl5BanBnXkFtZTcwMDIyODM4OA%40%40._V1__SX1303_SY557_.jpg","A reluctant hobbit, Bi","Movies"
"The Hobbit: An Unexpected Journey","http://flickwiz.xululabs.us/sites/default/files/MV5BMTkyMTExOTMxNF5BMl5BanBnXkFtZTcwNzU1NzQwNw%40%40._V1__SX1303_SY557_.jpg","A reluctant hobbit, Bi","Movies"
"The Hobbit: An Unexpected Journey","http://flickwiz.xululabs.us/sites/default/files/MV5BMTM2ODkyNjg5N15BMl5BanBnXkFtZTcwMDc5MTgxNw%40%40._V1__SX1303_SY557_.jpg","A reluctant hobbit, Bi","Movies"
"Life of Pi","http://flickwiz.xululabs.us/sites/default/files/MV5BNTg2OTY2ODg5OF5BMl5BanBnXkFtZTcwODM5MTYxOA%40%40._V1__SX1303_SY557_.jpg","A young man who surviv","Movies"
"Life of Pi","http://flickwiz.xululabs.us/sites/default/files/MV5BMTc1OTQ3NDI0MV5BMl5BanBnXkFtZTcwMDM2MzUzOA%40%40._V1__SX1303_SY557_.jpg","A young man who surviv","Movies"
"Life of Pi","http://flickwiz.xululabs.us/sites/default/files/MV5BMTM4NjMxMzgwMF5BMl5BanBnXkFtZTcwMjYyOTQ5OA%40%40._V1__SX1303_SY557_.jpg","A young man who surviv","Movies"
"Harry Potter and the Deathly Hallows","http://flickwiz.xululabs.us/sites/default/files/MV5BMTY2MTk3MDQ1N15BMl5BanBnXkFtZTcwMzI4NzA2NQ%40%40._V1__SX1303_SY557_.jpg","Harry, Ron and Hermion","Movies"
"Harry Potter and the Deathly Hallows","http://flickwiz.xululabs.us/sites/default/files/MV5BMTUzMjE2MDk1NV5BMl5BanBnXkFtZTcwMzYwNzI2Mw%40%40._V1__SX1303_SY557_.jpg","Harry, Ron and Hermion","Movies"
"Harry Potter and the Deathly Hallows","http://flickwiz.xululabs.us/sites/default/files/MV5BMjQ4ODUzMzY2Nl5BMl5BanBnXkFtZTcwMjI4MjY4Ng%40%40._V1__SX1303_SY557_.jpg","Harry, Ron and Hermion","Movies"
"Harry Potter and the Deathly Hallows","http://flickwiz.xululabs.us/sites/default/files/MV5BMTQzMTk2OTM5NF5BMl5BanBnXkFtZTcwMTczNTk3Ng%40%40._V1__SX1303_SY557_.jpg","Harry, Ron and Hermion","Movies"
"Shutter Island","http://flickwiz.xululabs.us/sites/default/files/MV5BMTMxMTIyNzMxMV5BMl5BanBnXkFtZTcwOTc4OTI3Mg%40%40._V1__SX1303_SY557_.jpg","A U.S Marshal investig","Movies"
"Shutter Island","http://flickwiz.xululabs.us/sites/default/files/MV5BMTc3MTM3ODM2Nl5BMl5BanBnXkFtZTcwMDIyMTA3NQ%40%40._V1__SX1303_SY557_.jpg","A U.S Marshal investig","Movies"
"Shutter Island","http://flickwiz.xululabs.us/sites/default/files/MV5BMTg0ODgwNzc4OV5BMl5BanBnXkFtZTcwOTEzMjM1Mw%40%40._V1__SX1303_SY557_.jpg","A U.S Marshal investig","Movies"
"The Avengers","http://flickwiz.xululabs.us/sites/default/files/MV5BMTk2NTI1MTU4N15BMl5BanBnXkFtZTcwODg0OTY0Nw%40%40._V1__SX1303_SY557_.jpg","Earth's mightiest hero","Movies"
"The Avengers","http://flickwiz.xululabs.us/sites/default/files/MV5BOTk2MzAyNjE2OV5BMl5BanBnXkFtZTcwOTQ0OTY4Nw%40%40._V1__SX1303_SY557_.jpg","Earth's mightiest hero","Movies"
"The Avengers","http://flickwiz.xululabs.us/sites/default/files/MV5BMTg1Mzg3MzY3M15BMl5BanBnXkFtZTcwMDU0OTY4Nw%40%40._V1__SX1303_SY557_.jpg","Earth's mightiest hero","Movies"
"How to Train Your Dragon","http://flickwiz.xululabs.us/sites/default/files/MV5BMTU3MTQ4OTIxNF5BMl5BanBnXkFtZTcwNTAzODg1Mw%40%40._V1__SX1303_SY557_.jpg","A hapless young Viking","Movies"
"How to Train Your Dragon","http://flickwiz.xululabs.us/sites/default/files/MV5BNjI3NTU2NzkxMF5BMl5BanBnXkFtZTcwOTU1MTQ5Mg%40%40._V1__SX1303_SY557_.jpg","A hapless young Viking","Movies"
"How to Train Your Dragon","http://flickwiz.xululabs.us/sites/default/files/MV5BMTM1MjY0MTI3NF5BMl5BanBnXkFtZTcwOTg3NTA3Mw%40%40._V1__SX1303_SY557_.jpg","A hapless young Viking","Movies"
"Toy Story 3","http://flickwiz.xululabs.us/sites/default/files/MV5BMTg0OTYxNzg4OV5BMl5BanBnXkFtZTcwMTA1MzU3Mw%40%40._V1__SX1303_SY557_.jpg","The toys are mistakenl","Movies"
"Toy Story 3","http://flickwiz.xululabs.us/sites/default/files/MV5BMzIxMTEyNTcyN15BMl5BanBnXkFtZTcwMzI2NzcyMw%40%40._V1__SX1303_SY557_.jpg","The toys are mistakenl","Movies"
"Toy Story 3","http://flickwiz.xululabs.us/sites/default/files/MV5BMTYwODczNzU2MV5BMl5BanBnXkFtZTcwNTQzNDM3Mg%40%40._V1__SX1303_SY557_.jpg","The toys are mistakenl","Movies"
"Django Unchained","http://flickwiz.xululabs.us/sites/default/files/MV5BMjIyNTQ5NjQ1OV5BMl5BanBnXkFtZTcwODg1MDU4OA%40%40._V1__SX1303_SY557_.jpg","With the help of a Ger","Movies"
"Django Unchained","http://flickwiz.xululabs.us/sites/default/files/MV5BMjI3NDAzNTg2MV5BMl5BanBnXkFtZTcwOTUzOTMzOQ%40%40._V1__SX1303_SY557_.jpg","With the help of a Ger","Movies"
"Django Unchained","http://flickwiz.xululabs.us/sites/default/files/MV5BNjI4NzkzODM3Nl5BMl5BanBnXkFtZTcwMzk1NTIyOA%40%40._V1__SX1303_SY557_.jpg","With the help of a Ger","Movies"
"Django Unchained","http://flickwiz.xululabs.us/sites/default/files/MV5BMTkyMjI1ODA5NF5BMl5BanBnXkFtZTcwODU2OTA3OA%40%40._V1__SX1303_SY557_.jpg","With the help of a Ger","Movies"
"The Dark Knight Rises","http://flickwiz.xululabs.us/sites/default/files/MV5BMTM2OTgzODU0MV5BMl5BanBnXkFtZTcwODE5ODgwOA%40%40._V1__SX1303_SY557_.jpg","Eight years after the ","Movies"
"The Dark Knight Rises","http://flickwiz.xululabs.us/sites/default/files/MV5BMTgwNTI4NDYyOF5BMl5BanBnXkFtZTcwMzEwOTgwOA%40%40._V1__SX1303_SY557_.jpg","Eight years after the ","Movies"
"The Dark Knight Rises","http://flickwiz.xululabs.us/sites/default/files/MV5BMTQyOTEyNjkxNV5BMl5BanBnXkFtZTcwOTc5ODgwOA%40%40._V1__SX1303_SY557_.jpg","Eight years after the ","Movies"
"Inception ","http://flickwiz.xululabs.us/sites/default/files/MV5BMjAxMzY3NjcxNF5BMl5BanBnXkFtZTcwNTI5OTM0Mw%40%40._V1__SX1303_SY601_.jpg","A thief who steals cor","Movies"
"Inception ","http://flickwiz.xululabs.us/sites/default/files/MV5BMjEwODQ5ODEwNV5BMl5BanBnXkFtZTgwMjkyMDQyMDE%40._V1__SX1303_SY557_.jpg","A thief who steals cor","Movies"
"Inception ","http://flickwiz.xululabs.us/sites/default/files/MV5BMTMyMzYxMDQ3NV5BMl5BanBnXkFtZTcwNTA1NTcwMw%40%40._V1__SX1303_SY557_.jpg","A thief who steals cor","Movies"
"Inception ","http://flickwiz.xululabs.us/sites/default/files/MV5BMTY4ODc4NTQwOF5BMl5BanBnXkFtZTcwODgxMTUxNA%40%40._V1__SX1303_SY557_.jpg","A thief who steals cor","Movies"
"Avatar","http://flickwiz.xululabs.us/sites/default/files/avatar_poster_b_by_incerazo.jpg","A paraplegic marine di","Movies"
"Avatar","http://flickwiz.xululabs.us/sites/default/files/avatar-poster-wallpaper-3.jpg","A paraplegic marine di","Movies"
"Avatar","http://flickwiz.xululabs.us/sites/default/files/6660L.jpg","A paraplegic marine di","Movies"
"Public Enemies ","http://flickwiz.xululabs.us/sites/default/files/MV5BMjA3NDI0NzM2MV5BMl5BanBnXkFtZTcwODk5MTk2Mg%40%40._V1_SX640_SY720_.jpg","The Feds try to take d","Movies"
"Public Enemies ","http://flickwiz.xululabs.us/sites/default/files/public_enemies_poster_2_by_ivycastle.jpg","The Feds try to take d","Movies"
"Public Enemies ","http://flickwiz.xululabs.us/sites/default/files/public-enemies-movie-poster-2009-1020475963.jpg","The Feds try to take d","Movies"
"Hulk","http://flickwiz.xululabs.us/sites/default/files/hulk-poster-germania11.jpg","Bruce Banner, a geneti","Movies"
"Hulk","http://flickwiz.xululabs.us/sites/default/files/Incredible_Hulk.jpg","Bruce Banner, a geneti","Movies"
"Hulk","http://flickwiz.xululabs.us/sites/default/files/incredible-hulk-poster-big.jpg","Bruce Banner, a geneti","Movies"
"American Gangster","http://flickwiz.xululabs.us/sites/default/files/american-gangster.jpg","In 1970s America, a de","Movies"
"American Gangster","http://flickwiz.xululabs.us/sites/default/files/american_gangster_600.jpg","In 1970s America, a de","Movies"
"American Gangster","http://flickwiz.xululabs.us/sites/default/files/amer-gangster-poster2.jpg","In 1970s America, a de","Movies"
"American Sniper","http://flickwiz.xululabs.us/sites/default/files/american_sniper_ver3.jpg","Navy S.E.A.L.","Movies"
"American Sniper","http://flickwiz.xululabs.us/sites/default/files/American-Sniper-Poster-big.jpg","Navy S.E.A.L.","Movies"
"American Sniper","http://flickwiz.xululabs.us/sites/default/files/AMERICAN-SNIPER-POSTER.jpg","Navy S.E.A.L.","Movies"
"The Hateful Eight","http://flickwiz.xululabs.us/sites/default/files/hateful_eight_russell.jpg","In post-Civil War Wyom","Movies"
"The Hateful Eight","http://flickwiz.xululabs.us/sites/default/files/the-ncposter-gallery.jpg","In post-Civil War Wyom","Movies"
"The Hateful Eight","http://flickwiz.xululabs.us/sites/default/files/the-hateful-eight-poster1.jpg","In post-Civil War Wyom","Movies"
"Macbeth","http://flickwiz.xululabs.us/sites/default/files/macbeth-nposter-gallery.jpg","Macbeth, a Thane of Sc","Movies"
"Macbeth","http://flickwiz.xululabs.us/sites/default/files/Macbeth-poster1.jpg","Macbeth, a Thane of Sc","Movies"
"Macbeth","http://flickwiz.xululabs.us/sites/default/files/Macbeth-poster2.jpg","Macbeth, a Thane of Sc","Movies"
"Captain America: Civil War","http://flickwiz.xululabs.us/sites/default/files/captain_america_civil_war_cap.jpg","Political interference","Movies"
"Captain America: Civil War","http://flickwiz.xululabs.us/sites/default/files/captain_america_civil_war_iron_man.jpg","Political interference","Movies"
"Captain America: Civil War","http://flickwiz.xululabs.us/sites/default/files/civil-war-poster.jpg","Political interference","Movies"
"Creed","http://flickwiz.xululabs.us/sites/default/files/creed_jordan-poster.jpg","The former World Heavy","Movies"
"Creed","http://flickwiz.xululabs.us/sites/default/files/creed_poster.jpg","The former World Heavy","Movies"
"Creed","http://flickwiz.xululabs.us/sites/default/files/Creed-Poster-Large.jpg","The former World Heavy","Movies"
"Spectre ","http://flickwiz.xululabs.us/sites/default/files/spectre-imax-poster-gallery.jpg","A cryptic message from","Movies"
"Spectre ","http://flickwiz.xululabs.us/sites/default/files/spectre-poster.jpg","A cryptic message from","Movies"
"Spectre ","http://flickwiz.xululabs.us/sites/default/files/spectre_ver5_xlg.jpg","A cryptic message from","Movies"
